Workbook

Sheet (A) Introduction
B2: RELT — Register of Participants
B3: Last updated (date):
B4: Last updated by:
B6: Purpose
B7: This workbook stores information about RELT participants — tutors and the students they support — and is the central record the team uses to admit applicants, pair students with tutors, track tutoring delivery, and capture feedback and outcomes over time. It is designed to be maintained by many team members and to hold the program’s data for years.
B9: How to use this Register
B10: • Enter participant data only on "(B) Register of Participants". Coded fields use drop-downs — pick a value rather than free-typing.
B11: • Hover any column heading on (B) for a note explaining what the column is for and what to enter.
B12: • The grey "(H) HELPER COLUMNS" are formula-generated for the dashboard and Pairing Engine. Do not edit them.
B13: • The "Validation Flags" column auto-flags impossible combinations. Resolve any flagged row.
B15: Protecting the formatting when data is added
B16: • The (B) and (C) data ranges are Excel Tables. Microsoft Forms data arrives via Power Automate using "Add a row into a table", which writes values only and inherits the table’s formatting and column formulas automatically — so the flow never disturbs the styling.
... B33: Status taxonomy
B34: Code | C34: Label | D34: Explanation
B35: ERR-TST | C35: Error – Test | D35: Test entries to be discarded.
B36: ERR-DUP | C36: Error – Duplication | D36: Duplicate entries to be discarded.
B37: ERR-OTH | C37: Error – Other | D37: Errors of any other kind.
B38: NADM-UNP | C38: Not Admitted – Unprocessed | D38: To be processed.
B39: NADM-REJ-UNRES | C39: Not Admitted – Rejected (Unresponsive) | D39: Application made but contact could not be established.
B40: NADM-REJ-UNSUIT | C40: Not Admitted – Rejected (Unsuitable) | D40: Application made but unsuitable for any reason.
B41: ADM-ACT-UNMAT | C41: Admitted – Active – Unmatched | D41: To be paired.
B42: ADM-ACT-MAT-CNE | C42: Admitted – Active – Matched (Capacity Not Exhausted) | D42: Paired, with capacity for further pairings (tutors only).
B43: ADM-ACT-MAT-CE | C43: Admitted – Active – Matched (Capacity Exhausted) | D43: Paired, no remaining capacity. Students are always recorded here once paired.
B44: ADM-INACT-M&T | C44: Admitted – Inactive – Matched & Tutored | D44: Admitted and tutored but no longer active.
B45: ADM-INACT-NOM&T | C45: Admitted – Inactive – Has Not Tutored | D45: Admitted, has never tutored, and has become inactive.
B47: Capacity note: a tutor with room is ADM-ACT-MAT-CNE; a tutor at capacity is ADM-ACT-MAT-CE. A Student, once paired, is always ADM-ACT-MAT-CE; a Student recorded as CNE is flagged invalid.
B49: Data dictionary — (B) Register of Participants
B50: Group | C50: Column | D50: Notes
B51: (A) BASIC INFORMATION | C51: Unique ID | D51: Primary key. Never reuse.
B52: (A) BASIC INFORMATION | C52: Full Name | D52: —
B53: (A) BASIC INFORMATION | C53: Email Address | D53: —
B54: (A) BASIC INFORMATION | C54: Phone Number | D54: —
B55: (A) BASIC INFORMATION | C55: Emergency Contact Name | D55: Person to contact in an emergency involving the participant.
B56: (A) BASIC INFORMATION | C56: Emergency Contact Phone | D56: Emergency contact’s phone number.
B57: (A) BASIC INFORMATION | C57: Emergency Contact Relationship | D57: Emergency contact’s relationship to the participant.
B58: (A) BASIC INFORMATION | C58: Role | D58: Tutor or Student.
B59: (A) BASIC INFORMATION | C59: Application Date | D59: —
B60: (B) STATUS & ENROLMENT | C60: Status (code) | D60: Coded status (drop-down).
B61: (B) STATUS & ENROLMENT | C61: Status (plain English) | D61: Auto-translated from the code.
... B164: (H) HELPER COLUMNS (auto — | C164: CombinedAvailability | D164: —

Sheet (B) Register of Participants
A1: (A) BASIC INFORMATION | J1: (B) STATUS & ENROLMENT | W1: (C) PAIRING – DELIVERY | AG1: (D) PAIRING – SUBSTANTIVE | AX1: (E) VETTING | BL1: (F) GENERAL | BO1: (G) PAIRING HISTORY (record on tutor row; up to 5 over lifecycle) | CS1: (H) HELPER COLUMNS (auto — do not edit)
A2: Unique ID | B2: Full Name | C2: Email Address | D2: Phone Number | E2: Emergency Contact Name | F2: Emergency Contact Phone | G2: Emergency Contact Relationship | H2: Role | I2: Application Date | J2: Status (code) | K2: Status (plain English) | L2: Blacklisted | M2: Start Date | N2: End Date | O2: Student Number Capacity | P2: Current Pairings (count) | Q2: Total Pairings (historical) | R2: Current Pairing(s) | S2: Questionnaire and First Lesson Plan | T2: Current Session Location | U2: Current Session Time | V2: Date of Last Check In | W2: Timezone | X2: Availability – Monday (AEST) | Y2: Availability – Tuesday (AEST) | Z2: Availability – Wednesday (AEST) | AA2: Availability – Thursday (AEST) | AB2: Availability – Friday (AEST) | AC2: Availability – Saturday (AEST) | AD2: Availability – Sunday (AEST) | AE2: Mode | AF2: Technology Access | AG2: Country of Residence | AH2: State/Territory | AI2: Suburb | AJ2: Postcode | AK2: Date of Birth | AL2: Gender | AM2: Same-Gender Pairing Required (opt-in) | AN2: English Level (CEFR) | AO2: Qualitative Assessment | AP2: National Background | AQ2: Ethnic Background | AR2: Linguistic Background | AS2: Religious Background | AT2: Job / Study Category | AU2: Current Profession or Study | AV2: Intended Profession or Study | AW2: Hobbies and Interests | AX2: Refugee / Asylum Seeker Assessment | AY2: Interview Conducted | AZ2: Reference Check Conducted | BA2: Referee Name | BB2: Referee Relationship | BC2: Referee Contact | BD2: WWCC Provided | BE2: WWCC Number | BF2: WWCC Expiry | BG2: WWCC Confirmed | BH2: Approved to Tutor | BI2: Pathway to the Program | BJ2: Assessor | BK2: Matcher | BL2: General Comments | BM2: Matching Comments | BN2: Validation Flags | BO2: P1 Pairing ID | BP2: P1 Pairing Name | BQ2: P1 Start | BR2: P1 End | BS2: P1 Weekly Hours | BT2: P1 Recorded By | BU2: P2 Pairing ID | BV2: P2 Pairing Name | BW2: P2 Start | BX2: P2 End | BY2: P2 Weekly Hours | BZ2: P2 Recorded By | CA2: P3 Pairing ID | CB2: P3 Pairing Name | CC2: P3 Start | CD2: P3 End | CE2: P3 Weekly Hours | CF2: P3 Recorded By | CG2: P4 Pairing ID | CH2: P4 Pairing Name | CI2: P4 Start | CJ2: P4 End | CK2: P4 Weekly Hours | CL2: P4 Recorded By | CM2: P5 Pairing ID | CN2: P5 Pairing Name | CO2: P5 Start | CP2: P5 End | CQ2: P5 Weekly Hours | CR2: P5 Recorded By | CS2: IsApplicant | CT2: IsAdmitted | CU2: IsMatched | CV2: LeadTimesDays | CW2: DaysWaiting | CX2: MonthText | CY2: Age | CZ2: AgeBand | DA2: Current Weekly Hours | DB2: Total Hours To Date | DC2: DayAvailabilityMon | DD2: DayAvailabilityTue | DE2: DayAvailabilityWed | DF2: DayAvailabilityThu | DG2: DayAvailabilityFri | DH2: DayAvailabilitySat | DI2: DayAvailabilitySun | DJ2: CombinedAvailability
A3: T-O-00001 | B3: Aisha Yusuf | C3: aisha.yusuf1@example.com | D3: +61 451 687 665 | E3: Nadia King | F3: +61 473 484 248 | G3: Adult Child | H3: Tutor | I3: 45302 | J3: ADM-ACT-UNMAT | K3: =IFERROR(VLOOKUP(J3,'(A) Introduction'!$B$35:$C$45,2,FALSE),"") | L3: No | O3: 2 | P3: =IF($H3="Tutor",((BQ3<>"")*(BR3=""))+((BW3<>"")*(BX3=""))+((CC3<>"")*(CD3=""))+((CI3<>"")*(CJ3=""))+((CO3<>"")*(CP3="")),SUMPRODUCT(--($BO$3:$BO$202=$A3),--($BR$3:$BR$202=""))+SUMPRODUCT(--($BU$3:$BU$202=$A3),--($BX$3:$BX$202=""))+SUMPRODUCT(--($CA$3:$CA$202=$A3),--($CD$3:$CD$202=""))+SUMPRODUCT(--($CG$3:$CG$202=$A3),--($CJ$3:$CJ$202=""))+SUMPRODUCT(--($CM$3:$CM$202=$A3),--($CP$3:$CP$202=""))) | Q3: =IF($H3="Tutor",(BQ3<>"")+(BW3<>"")+(CC3<>"")+(CI3<>"")+(CO3<>""),SUMPRODUCT(--($BO$3:$BO$202=$A3))+SUMPRODUCT(--($BU$3:$BU$202=$A3))+SUMPRODUCT(--($CA$3:$CA$202=$A3))+SUMPRODUCT(--($CG$3:$CG$202=$A3))+SUMPRODUCT(--($CM$3:$CM$202=$A3))) | R3: =IF($H3="Tutor",TRIM(IF(AND(BQ3<>"",BR3=""),BP3&"; ","")&IF(AND(BW3<>"",BX3=""),BV3&"; ","")&IF(AND(CC3<>"",CD3=""),CB3&"; ","")&IF(AND(CI3<>"",CJ3=""),CH3&"; ","")&IF(AND(CO3<>"",CP3=""),CN3&"; ","")),IFERROR(INDEX($A$3:$B$202,(SUMPRODUCT(($BO$3:$BO$202=$A3)*($BR$3:$BR$202="")*ROW($BO$3:$BO$202))+SUMPRODUCT(($BU$3:$BU$202=$A3)*($BX$3:$BX$202="")*ROW($BU$3:$BU$202))+SUMPRODUCT(($CA$3:$CA$202=$A3)*($CD$3:$CD$202="")*ROW($CA$3:$CA$202))+SUMPRODUCT(($CG$3:$CG$202=$A3)*($CJ$3:$CJ$202="")*ROW($CG$3:$CG$202))+SUMPRODUCT(($CM$3:$CM$202=$A3)*($CP$3:$CP$202="")*ROW($CM$3:$CM$202)))-2,2),"")) | S3: Not Provided | V3: 45898 | W3: ACST (UTC+9:30) | X3: 6pm-9pm; | Y3: 6pm-9pm; | Z3: 12pm-3pm; | AA3: 12pm-3pm; | AB3: 6pm-9pm; | AC3: 6am-9am;9am-12pm; | AD3: NA; | AE3: Either | AF3: NA - Tutor | AG3: Australia | AH3: New South Wales | AI3: Auburn | AJ3: 2144 | AK3: 31722 | AL3: Female | AM3: NA | AN3: NA - Tutor | AO3: Moderate | AP3: Australia; Lebanon | AQ3: NA | AR3: English (C2) | AS3: Christian (Orthodox) | AT3: Business & Finance | AU3: Engineer | AV3: NA - Tutor | AW3: Gardening; Cooking; Walking | AX3: NA - Tutor | AY3: NA - Partner Organisation Verified | AZ3: Yes | BA3: Pedro Yusuf | BB3: Colleague | BC3: fatima.brown501@example.com | BD3: Pending | BG3: Yes | BH3: Adults Only | BI3: Supporting Asylum Seekers Sydney | BJ3: HERVIR Oliver | BK3: SHANAHAN Jack | BL3: Synthetic test record. | BN3: =TRIM(IF(AND($H3="Student",$J3="ADM-ACT-MAT-CNE"),"Invalid: Student cannot be CNE. ","")&IF(AND($H3="Student",ISNUMBER($O3)),"Check: capacity set for a Student. ","")&IF(AND(LEFT($J3,11)="ADM-ACT-MAT",$P3=0),"Check: matched status but 0 active pairings. ","")&IF(AND($H3="Tutor",ISNUMBER($O3),$P3>$O3),"Check: pairings exceed capacity. ","")&IF(AND($BH3="Everyone",NOT(AND($BD3="Yes",$BG3="Yes"))),"Check: approved to tutor children but WWCC not provided/confirmed. ","")&IF(AND($P3>0,NOT(AND(OR(LEFT($AY3,3)="Yes",LEFT($AY3,2)="NA"),OR(LEFT($AZ3,3)="Yes",LEFT($AZ3,2)="NA")))),"Matched but vetting incomplete (interview/reference). ","")&IF(COUNTIF($B$3:$B$600,$B3)>1,"Duplicate participant name. ","")) | CS3: =IF(LEFT($J3,3)="ERR",0,1) | CT3: =IF(LEFT($J3,3)="ADM",1,0) | CU3: =IF(OR($J3="ADM-ACT-MAT-CNE",$J3="ADM-ACT-MAT-CE",$J3="ADM-INACT-M&T"),1,0) | CV3: =IF(AND(CU3=1,ISNUMBER(M3),ISNUMBER(I3)),M3-I3,"") | CW3: =IF(ISNUMBER(I3),TODAY()-I3,"") | CX3: =IF(ISNUMBER(I3),DATE(YEAR(I3),MONTH(I3),1),"") | CY3: =IFERROR(DATEDIF(AK3,TODAY(),"y"),"") | CZ3: =IF(CY3="","",IF(CY3<28,"18-27",IF(CY3<38,"28-37",IF(CY3<48,"38-47",IF(CY3<58,"48-57",IF(CY3<68,"58-67",IF(CY3<78,"68-77","78+")))))) | DA3: =IF(AND(BQ3<>"",BR3=""),N(BS3),0)+IF(AND(BW3<>"",BX3=""),N(BY3),0)+IF(AND(CC3<>"",CD3=""),N(CE3),0)+IF(AND(CI3<>"",CJ3=""),N(CK3),0)+IF(AND(CO3<>"",CP3=""),N(CQ3),0) | DB3: =ROUND(IF(BQ3<>"",N(BS3)*MAX(0,((IF(BR3="",TODAY(),BR3))-BQ3)/7),0)+IF(BW3<>"",N(BY3)*MAX(0,((IF(BX3="",TODAY(),BX3))-BW3)/7),0)+IF(CC3<>"",N(CE3)*MAX(0,((IF(CD3="",TODAY(),CD3))-CC3)/7),0)+IF(CI3<>"",N(CK3)*MAX(0,((IF(CJ3="",TODAY(),CJ3))-CI3)/7),0)+IF(CO3<>"",N(CQ3)*MAX(0,((IF(CP3="",TODAY(),CP3))-CO3)/7),0),1) | DC3: =IF(OR(TRIM(X3)="",TRIM(X3)="NA;",TRIM(X3)="NA"),0,1) | DD3: =IF(OR(TRIM(Y3)="",TRIM(Y3)="NA;",TRIM(Y3)="NA"),0,1) | DE3: =IF(OR(TRIM(Z3)="",TRIM(Z3)="NA;",TRIM(Z3)="NA"),0,1) | DF3: =IF(OR(TRIM(AA3)="",TRIM(AA3)="NA;",TRIM(AA3)="NA"),0,1) | DG3: =IF(OR(TRIM(AB3)="",TRIM(AB3)="NA;",TRIM(AB3)="NA"),0,1) | DH3: =IF(OR(TRIM(AC3)="",TRIM(AC3)="NA;",TRIM(AC3)="NA"),0,1) | DI3: =IF(OR(TRIM(AD3)="",TRIM(AD3)="NA;",TRIM(AD3)="NA"),0,1) | DJ3: =TRIM(IF(DC3=1,"Mon ","")&IF(DD3=1,"Tue ","")&IF(DE3=1,"Wed ","")&IF(DF3=1,"Thu ","")&IF(DG3=1,"Fri ","")&IF(DH3=1,"Sat ","")&IF(DI3=1,"Sun ",""))
A4: T-O-00002 | B4: Sara Brown | C4: sara.brown2@example.com | D4: +61 459 884 746 | E4: Jose Schaffer | F4: +61 421 416 497 | G4: Adult Child | H4: Tutor | I4: 45321 | J4: ADM-ACT-MAT-CNE | K4: =IFERROR(VLOOKUP(J4,'(A) Introduction'!$B$35:$C$45,2,FALSE),"") | L4: No | O4: 2 | P4: =IF($H4="Tutor",((BQ4<>"")*(BR4=""))+((BW4<>"")*(BX4=""))+((CC4<>"")*(CD4=""))+((CI4<>"")*(CJ4=""))+((CO4<>"")*(CP4="")),SUMPRODUCT(--($BO$3:$BO$202=$A4),--($BR$3:$BR$202=""))+SUMPRODUCT(--($BU$3:$BU$202=$A4),--($BX$3:$BX$202=""))+SUMPRODUCT(--($CA$3:$CA$202=$A4),--($CD$3:$CD$202=""))+SUMPRODUCT(--($CG$3:$CG$202=$A4),--($CJ$3:$CJ$202=""))+SUMPRODUCT(--($CM$3:$CM$202=$A4),--($CP$3:$CP$202=""))) | Q4: =IF($H4="Tutor",(BQ4<>"")+(BW4<>"")+(CC4<>"")+(CI4<>"")+(CO4<>""),SUMPRODUCT(--($BO$3:$BO$202=$A4))+SUMPRODUCT(--($BU$3:$BU$202=$A4))+SUMPRODUCT(--($CA$3:$CA$202=$A4))+SUMPRODUCT(--($CG$3:$CG$202=$A4))+SUMPRODUCT(--($CM$3:$CM$202=$A4))) | R4: =IF($H4="Tutor",TRIM(IF(AND(BQ4<>"",BR4=""),BP4&"; ","")&IF(AND(BW4<>"",BX4=""),BV4&"; ","")&IF(AND(CC4<>"",CD4=""),CB4&"; ","")&IF(AND(CI4<>"",CJ4=""),CH4&"; ","")&IF(AND(CO4<>"",CP4=""),CN4&"; ","")),IFERROR(INDEX($A$3:$B$202,(SUMPRODUCT(($BO$3:$BO$202=$A4)*($BR$3:$BR$202="")*ROW($BO$3:$BO$202))+SUMPRODUCT(($BU$3:$BU$202=$A4)*($BX$3:$BX$202="")*ROW($BU$3:$BU$202))+SUMPRODUCT(($CA$3:$CA$202=$A4)*($CD$3:$CD$202="")*ROW($CA$3:$CA$202))+SUMPRODUCT(($CG$3:$CG$202=$A4)*($CJ$3:$CJ$202="")*ROW($CG$3:$CG$202))+SUMPRODUCT(($CM$3:$CM$202=$A4)*($CP$3:$CP$202="")*ROW($CM$3:$CM$202)))-2,2),"")) | S4: NA | V4: 45865 | W4: ACDT (UTC+10:30) | X4: 6pm-9pm; | Y4: NA; | Z4: 12pm-3pm;6pm-9pm; | AA4: 6am-9am;9am-12pm; | AB4: 6pm-9pm; | AC4: 12pm-3pm; | AD4: 12pm-3pm; | AE4: Online | AF4: NA - Tutor | AG4: Australia | AH4: New South Wales | AI4: Bankstown | AJ4: 2200 | AK4: 31433 | AL4: Male | AM4: NA | AN4: NA - Tutor | AO4: Moderate | AP4: Israel | AQ4: NA | AR4: English (C2) | AS4: Christian (Catholic) | AT4: Health & Medicine | AU4: Lawyer | AV4: NA - Tutor | AW4: Travel; Sport; Movies | AX4: NA - Tutor | AY4: Yes | AZ4: NA - Partner Organisation Verified | BA4: Carlos Cohen | BB4: Colleague | BC4: ahmad.slaytor502@example.com | BD4: Pending | BG4: Yes | BH4: Adults Only | BI4: Tasmania University (including the Law Society) | BJ4: SHANAHAN Jack | BK4: AGARWAL Akanksha | BL4: Synthetic test record. | BN4: =TRIM(IF(AND($H4="Student",$J4="ADM-ACT-MAT-CNE"),"Invalid: Student cannot be CNE. ","")&IF(AND($H4="Student",ISNUMBER($O4)),"Check: capacity set for a Student. ","")&IF(AND(LEFT($J4,11)="ADM-ACT-MAT",$P4=0),"Check: matched status but 0 active pairings. ","")&IF(AND($H4="Tutor",ISNUMBER($O4),$P4>$O4),"Check: pairings exceed capacity. ","")&IF(AND($BH4="Everyone",NOT(AND($BD4="Yes",$BG4="Yes"))),"Check: approved to tutor children but WWCC not provided/confirmed. ","")&IF(AND($P4>0,NOT(AND(OR(LEFT($AY4,3)="Yes",LEFT($AY4,2)="NA"),OR(LEFT($AZ4,3)="Yes",LEFT($AZ4,2)="NA")))),"Matched but vetting incomplete (interview/reference). ","")&IF(COUNTIF($B$3:$B$600,$B4)>1,"Duplicate participant name. ","")) | BO4: S-O-00023 | BP4: =IFERROR(VLOOKUP(BO4,$A:$B,2,FALSE),"") | BQ4: 45559 | BS4: 1.5 | BT4: NUICH Curtis | CS4: =IF(LEFT($J4,3)="ERR",0,1) | CT4: =IF(LEFT($J4,3)="ADM",1,0) | CU4: =IF(OR($J4="ADM-ACT-MAT-CNE",$J4="ADM-ACT-MAT-CE",$J4="ADM-INACT-M&T"),1,0) | CV4: =IF(AND(CU4=1,ISNUMBER(M4),ISNUMBER(I4)),M4-I4,"") | CW4: =IF(ISNUMBER(I4),TODAY()-I4,"") | CX4: =IF(ISNUMBER(I4),DATE(YEAR(I4),MONTH(I4),1),"") | CY4: =IFERROR(DATEDIF(AK4,TODAY(),"y"),"") | CZ4: =IF(CY4="","",IF(CY4<28,"18-27",IF(CY4<38,"28-37",IF(CY4<48,"38-47",IF(CY4<58,"48-57",IF(CY4<68,"58-67",IF(CY4<78,"68-77","78+")))))) | DA4: =IF(AND(BQ4<>"",BR4=""),N(BS4),0)+IF(AND(BW4<>"",BX4=""),N(BY4),0)+IF(AND(CC4<>"",CD4=""),N(CE4),0)+IF(AND(CI4<>"",CJ4=""),N(CK4),0)+IF(AND(CO4<>"",CP4=""),N(CQ4),0) | DB4: =ROUND(IF(BQ4<>"",N(BS4)*MAX(0,((IF(BR4="",TODAY(),BR4))-BQ4)/7),0)+IF(BW4<>"",N(BY4)*MAX(0,((IF(BX4="",TODAY(),BX4))-BW4)/7),0)+IF(CC4<>"",N(CE4)*MAX(0,((IF(CD4="",TODAY(),CD4))-CC4)/7),0)+IF(CI4<>"",N(CK4)*MAX(0,((IF(CJ4="",TODAY(),CJ4))-CI4)/7),0)+IF(CO4<>"",N(CQ4)*MAX(0,((IF(CP4="",TODAY(),CP4))-CO4)/7),0),1) | DC4: =IF(OR(TRIM(X4)="",TRIM(X4)="NA;",TRIM(X4)="NA"),0,1) | DD4: =IF(OR(TRIM(Y4)="",TRIM(Y4)="NA;",TRIM(Y4)="NA"),0,1) | DE4: =IF(OR(TRIM(Z4)="",TRIM(Z4)="NA;",TRIM(Z4)="NA"),0,1) | DF4: =IF(OR(TRIM(AA4)="",TRIM(AA4)="NA;",TRIM(AA4)="NA"),0,1) | DG4: =IF(OR(TRIM(AB4)="",TRIM(AB4)="NA;",TRIM(AB4)="NA"),0,1) | DH4: =IF(OR(TRIM(AC4)="",TRIM(AC4)="NA;",TRIM(AC4)="NA"),0,1) | DI4: =IF(OR(TRIM(AD4)="",TRIM(AD4)="NA;",TRIM(AD4)="NA"),0,1) | DJ4: =TRIM(IF(DC4=1,"Mon ","")&IF(DD4=1,"Tue ","")&IF(DE4=1,"Wed ","")&IF(DF4=1,"Thu ","")&IF(DG4=1,"Fri ","")&IF(DH4=1,"Sat ","")&IF(DI4=1,"Sun ",""))
A5: T-O-00003 | B5: Amir Slaytor | C5: amir.slaytor3@example.com | D5: +61 458 292 433 | E5: Grace Schaffer | F5: +61 474 608 040 | G5: Friend | H5: Tutor | I5: 45323 | J5: ADM-INACT-NOM&T | K5: =IFERROR(VLOOKUP(J5,'(A) Introduction'!$B$35:$C$45,2,FALSE),"") | L5: No | O5: 3 | P5: =IF($H5="Tutor",((BQ5<>"")*(BR5=""))+((BW5<>"")*(BX5=""))+((CC5<>"")*(CD5=""))+((CI5<>"")*(CJ5=""))+((CO5<>"")*(CP5="")),SUMPRODUCT(--($BO$3:$BO$202=$A5),--($BR$3:$BR$202=""))+SUMPRODUCT(--($BU$3:$BU$202=$A5),--($BX$3:$BX$202=""))+SUMPRODUCT(--($CA$3:$CA$202=$A5),--($CD$3:$CD$202=""))+SUMPRODUCT(--($CG$3:$CG$202=$A5),--($CJ$3:$CJ$202=""))+SUMPRODUCT(--($CM$3:$CM$202=$A5),--($CP$3:$CP$202=""))) | Q5: =IF($H5="Tutor",(BQ5<>"")+(BW5<>"")+(CC5<>"")+(CI5<>"")+(CO5<>""),SUMPRODUCT(--($BO$3:$BO$202=$A5))+SUMPRODUCT(--($BU$3:$BU$202=$A5))+SUMPRODUCT(--($CA$3:$CA$202=$A5))+SUMPRODUCT(--($CG$3:$CG$202=$A5))+SUMPRODUCT(--($CM$3:$CM$202=$A5))) | R5: =IF($H5="Tutor",TRIM(IF(AND(BQ5<>"",BR5=""),BP5&"; ","")&IF(AND(BW5<>"",BX5=""),BV5&"; ","")&IF(AND(CC5<>"",CD5=""),CB5&"; ","")&IF(AND(CI5<>"",CJ5=""),CH5&"; ","")&IF(AND(CO5<>"",CP5=""),CN5&"; ","")),IFERROR(INDEX($A$3:$B$202,(SUMPRODUCT(($BO$3:$BO$202=$A5)*($BR$3:$BR$202="")*ROW($BO$3:$BO$202))+SUMPRODUCT(($BU$3:$BU$202=$A5)*($BX$3:$BX$202="")*ROW($BU$3:$BU$202))+SUMPRODUCT(($CA$3:$CA$202=$A5)*($CD$3:$CD$202="")*ROW($CA$3:$CA$202))+SUMPRODUCT(($CG$3:$CG$202=$A5)*($CJ$3:$CJ$202="")*ROW($CG$3:$CG$202))+SUMPRODUCT(($CM$3:$CM$202=$A5)*($CP$3:$CP$202="")*ROW($CM$3:$CM$202)))-2,2),"")) | S5: NA | V5: 45585 | W5: ACDT (UTC+10:30) | X5: 6pm-9pm; | Y5: 9am-12pm; | Z5: 12pm-3pm; | AA5: 3pm-6pm; | AB5: 12pm-3pm; | AC5: NA; | AD5: 9am-12pm;12pm-3pm;3pm-6pm; | AE5: Online | AF5: NA - Tutor | AG5: Australia | AH5: New South Wales | AI5: Doonside | AJ5: 2767 | AK5: 34901 | AL5: Male | AM5: NA | AN5: NA - Tutor | AO5: Low | AP5: Australia | AQ5: NA | AR5: English (C2) | AS5: Christian (Catholic) | AT5: Arts, Media & Design | AU5: Retail | AV5: NA - Tutor | AW5: Cooking; Reading; Music | AX5: NA - Tutor | AY5: Yes | AZ5: Yes | BA5: Jose Levi | BB5: Academic Referee | BC5: lina.ibrahim503@example.com | BD5: Pending | BG5: Yes | BH5: Adults Only | BI5: Kaldor Centre for International Refugee Law | BJ5: MCCRORIE John | BK5: CROCK Mary | BL5: Synthetic test record. | BN5: =TRIM(IF(AND($H5="Student",$J5="ADM-ACT-MAT-CNE"),"Invalid: Student cannot be CNE. ","")&IF(AND($H5="Student",ISNUMBER($O5)),"Check: capacity set for a Student. ","")&IF(AND(LEFT($J5,11)="ADM-ACT-MAT",$P5=0),"Check: matched status but 0 active pairings. ","")&IF(AND($H5="Tutor",ISNUMBER($O5),$P5>$O5),"Check: pairings exceed capacity. ","")&IF(AND($BH5="Everyone",NOT(AND($BD5="Yes",$BG5="Yes"))),"Check: approved to tutor children but WWCC not provided/confirmed. ","")&IF(AND($P5>0,NOT(AND(OR(LEFT($AY5,3)="Yes",LEFT($AY5,2)="NA"),OR(LEFT($AZ5,3)="Yes",LEFT($AZ5,2)="NA")))),"Matched but vetting incomplete (interview/reference). ","")&IF(COUNTIF($B$3:$B$600,$B5)>1,"Duplicate participant name. ","")) | CS5: =IF(LEFT($J5,3)="ERR",0,1) | CT5: =IF(LEFT($J5,3)="ADM",1,0) | CU5: =IF(OR($J5="ADM-ACT-MAT-CNE",$J5="ADM-ACT-MAT-CE",$J5="ADM-INACT-M&T"),1,0) | CV5: =IF(AND(CU5=1,ISNUMBER(M5),ISNUMBER(I5)),M5-I5,"") | CW5: =IF(ISNUMBER(I5),TODAY()-I5,"") | CX5: =IF(ISNUMBER(I5),DATE(YEAR(I5),MONTH(I5),1),"") | CY5: =IFERROR(DATEDIF(AK5,TODAY(),"y"),"") | CZ5: =IF(CY5="","",IF(CY5<28,"18-27",IF(CY5<38,"28-37",IF(CY5<48,"38-47",IF(CY5<58,"48-57",IF(CY5<68,"58-67",IF(CY5<78,"68-77","78+")))))) | DA5: =IF(AND(BQ5<>"",BR5=""),N(BS5),0)+IF(AND(BW5<>"",BX5=""),N(BY5),0)+IF(AND(CC5<>"",CD5=""),N(CE5),0)+IF(AND(CI5<>"",CJ5=""),N(CK5),0)+IF(AND(CO5<>"",CP5=""),N(CQ5),0) | DB5: =ROUND(IF(BQ5<>"",N(BS5)*MAX(0,((IF(BR5="",TODAY(),BR5))-BQ5)/7),0)+IF(BW5<>"",N(BY5)*MAX(0,((IF(BX5="",TODAY(),BX5))-BW5)/7),0)+IF(CC5<>"",N(CE5)*MAX(0,((IF(CD5="",TODAY(),CD5))-CC5)/7),0)+IF(CI5<>"",N(CK5)*MAX(0,((IF(CJ5="",TODAY(),CJ5))-CI5)/7),0)+IF(CO5<>"",N(CQ5)*MAX(0,((IF(CP5="",TODAY(),CP5))-CO5)/7),0),1) | DC5: =IF(OR(TRIM(X5)="",TRIM(X5)="NA;",TRIM(X5)="NA"),0,1) | DD5: =IF(OR(TRIM(Y5)="",TRIM(Y5)="NA;",TRIM(Y5)="NA"),0,1) | DE5: =IF(OR(TRIM(Z5)="",TRIM(Z5)="NA;",TRIM(Z5)="NA"),0,1) | DF5: =IF(OR(TRIM(AA5)="",TRIM(AA5)="NA;",TRIM(AA5)="NA"),0,1) | DG5: =IF(OR(TRIM(AB5)="",TRIM(AB5)="NA;",TRIM(AB5)="NA"),0,1) | DH5: =IF(OR(TRIM(AC5)="",TRIM(AC5)="NA;",TRIM(AC5)="NA"),0,1) | DI5: =IF(OR(TRIM(AD5)="",TRIM(AD5)="NA;",TRIM(AD5)="NA"),0,1) | DJ5: =TRIM(IF(DC5=1,"Mon ","")&IF(DD5=1,"Tue ","")&IF(DE5=1,"Wed ","")&IF(DF5=1,"Thu ","")&IF(DG5=1,"Fri ","")&IF(DH5=1,"Sat ","")&IF(DI5=1,"Sun ",""))
A6: T-O-00004 | B6: Hannah Marks | C6: hannah.marks4@example.com | D6: +61 433 405 134 | E6: Hannah Young | F6: +61 438 954 679 | G6: Spouse | H6: Tutor | I6: 45326 | J6: ADM-INACT-NOM&T | K6: =IFERROR(VLOOKUP(J6,'(A) Introduction'!$B$35:$C$45,2,FALSE),"") | L6: No | O6: 2 | P6: =IF($H6="Tutor",((BQ6<>"")*(BR6=""))+((BW6<>"")*(BX6=""))+((CC6<>"")*(CD6=""))+((CI6<>"")*(CJ6=""))+((CO6<>"")*(CP6="")),SUMPRODUCT(--($BO$3:$BO$202=$A6),--($BR$3:$BR$202=""))+SUMPRODUCT(--($BU$3:$BU$202=$A6),--($BX$3:$BX$202=""))+SUMPRODUCT(--($CA$3:$CA$202=$A6),--($CD$3:$CD$202=""))+SUMPRODUCT(--($CG$3:$CG$202=$A6),--($CJ$3:$CJ$202=""))+SUMPRODUCT(--($CM$3:$CM$202=$A6),--($CP$3:$CP$202=""))) | Q6: =IF($H6="Tutor",(BQ6<>"")+(BW6<>"")+(CC6<>"")+(CI6<>"")+(CO6<>""),SUMPRODUCT(--($BO$3:$BO$202=$A6))+SUMPRODUCT(--($BU$3:$BU$202=$A6))+SUMPRODUCT(--($CA$3:$CA$202=$A6))+SUMPRODUCT(--($CG$3:$CG$202=$A6))+SUMPRODUCT(--($CM$3:$CM$202=$A6))) | R6: =IF($H6="Tutor",TRIM(IF(AND(BQ6<>"",BR6=""),BP6&"; ","")&IF(AND(BW6<>"",BX6=""),BV6&"; ","")&IF(AND(CC6<>"",CD6=""),CB6&"; ","")&IF(AND(CI6<>"",CJ6=""),CH6&"; ","")&IF(AND(CO6<>"",CP6=""),CN6&"; ","")),IFERROR(INDEX($A$3:$B$202,(SUMPRODUCT(($BO$3:$BO$202=$A6)*($BR$3:$BR$202="")*ROW($BO$3:$BO$202))+SUMPRODUCT(($BU$3:$BU$202=$A6)*($BX$3:$BX$202="")*ROW($BU$3:$BU$202))+SUMPRODUCT(($CA$3:$CA$202=$A6)*($CD$3:$CD$202="")*ROW($CA$3:$CA$202))+SUMPRODUCT(($CG$3:$CG$202=$A6)*($CJ$3:$CJ$202="")*ROW($CG$3:$CG$202))+SUMPRODUCT(($CM$3:$CM$202=$A6)*($CP$3:$CP$202="")*ROW($CM$3:$CM$202)))-2,2),"")) | S6: Not Provided | V6: 45576 | W6: AEST (UTC+10) | X6: 6pm-9pm; | Y6: NA; | Z6: 6pm-9pm; | AA6: 6pm-9pm; | AB6: 6pm-9pm; | AC6: 9am-12pm;12pm-3pm;3pm-6pm; | AD6: 12pm-3pm; | AE6: Either | AF6: NA - Tutor | AG6: Australia | AH6: New South Wales | AI6: Eastlakes | AJ6: 2018 | AK6: 26992 | AL6: Female | AM6: NA | AN6: NA - Tutor | AO6: High | AP6: Australia | AQ6: NA | AR6: English (C2) | AS6: Buddhist | AT6: Health & Medicine | AU6: Nurse | AV6: NA - Tutor | AW6: Art; Photography; Travel | AX6: NA - Tutor | AY6: No | AZ6: No | BA6: Nadia Stanley | BB6: Colleague | BC6: fatima.young504@example.com | BD6: Pending | BG6: No | BH6: Adults Only | BI6: Tasmania University (including the Law Society) | BJ6: SHANAHAN Jack | BK6: AGARWAL Akanksha | BL6: Synthetic test record. | BN6: =TRIM(IF(AND($H6="Student",$J6="ADM-ACT-MAT-CNE"),"Invalid: Student cannot be CNE. ","")&IF(AND($H6="Student",ISNUMBER($O6)),"Check: capacity set for a Student. ","")&IF(AND(LEFT($J6,11)="ADM-ACT-MAT",$P6=0),"Check: matched status but 0 active pairings. ","")&IF(AND($H6="Tutor",ISNUMBER($O6),$P6>$O6),"Check: pairings exceed capacity. ","")&IF(AND($BH6="Everyone",NOT(AND($BD6="Yes",$BG6="Yes"))),"Check: approved to tutor children but WWCC not provided/confirmed. ","")&IF(AND($P6>0,NOT(AND(OR(LEFT($AY6,3)="Yes",LEFT($AY6,2)="NA"),OR(LEFT($AZ6,3)="Yes",LEFT($AZ6,2)="NA")))),"Matched but vetting incomplete (interview/reference). ","")&IF(COUNTIF($B$3:$B$600,$B6)>1,"Duplicate participant name. ","")) | CS6: =IF(LEFT($J6,3)="ERR",0,1) | CT6: =IF(LEFT($J6,3)="ADM",1,0) | CU6: =IF(OR($J6="ADM-ACT-MAT-CNE",$J6="ADM-ACT-MAT-CE",$J6="ADM-INACT-M&T"),1,0) | CV6: =IF(AND(CU6=1,ISNUMBER(M6),ISNUMBER(I6)),M6-I6,"") | CW6: =IF(ISNUMBER(I6),TODAY()-I6,"") | CX6: =IF(ISNUMBER(I6),DATE(YEAR(I6),MONTH(I6),1),"") | CY6: =IFERROR(DATEDIF(AK6,TODAY(),"y"),"") | CZ6: =IF(CY6="","",IF(CY6<28,"18-27",IF(CY6<38,"28-37",IF(CY6<48,"38-47",IF(CY6<58,"48-57",IF(CY6<68,"58-67",IF(CY6<78,"68-77","78+")))))) | DA6: =IF(AND(BQ6<>"",BR6=""),N(BS6),0)+IF(AND(BW6<>"",BX6=""),N(BY6),0)+IF(AND(CC6<>"",CD6=""),N(CE6),0)+IF(AND(CI6<>"",CJ6=""),N(CK6),0)+IF(AND(CO6<>"",CP6=""),N(CQ6),0) | DB6: =ROUND(IF(BQ6<>"",N(BS6)*MAX(0,((IF(BR6="",TODAY(),BR6))-BQ6)/7),0)+IF(BW6<>"",N(BY6)*MAX(0,((IF(BX6="",TODAY(),BX6))-BW6)/7),0)+IF(CC6<>"",N(CE6)*MAX(0,((IF(CD6="",TODAY(),CD6))-CC6)/7),0)+IF(CI6<>"",N(CK6)*MAX(0,((IF(CJ6="",TODAY(),CJ6))-CI6)/7),0)+IF(CO6<>"",N(CQ6)*MAX(0,((IF(CP6="",TODAY(),CP6))-CO6)/7),0),1) | DC6: =IF(OR(TRIM(X6)="",TRIM(X6)="NA;",TRIM(X6)="NA"),0,1) | DD6: =IF(OR(TRIM(Y6)="",TRIM(Y6)="NA;",TRIM(Y6)="NA"),0,1) | DE6: =IF(OR(TRIM(Z6)="",TRIM(Z6)="NA;",TRIM(Z6)="NA"),0,1) | DF6: =IF(OR(TRIM(AA6)="",TRIM(AA6)="NA;",TRIM(AA6)="NA"),0,1) | DG6: =IF(OR(TRIM(AB6)="",TRIM(AB6)="NA;",TRIM(AB6)="NA"),0,1) | DH6: =IF(OR(TRIM(AC6)="",TRIM(AC6)="NA;",TRIM(AC6)="NA"),0,1) | DI6: =IF(OR(TRIM(AD6)="",TRIM(AD6)="NA;",TRIM(AD6)="NA"),0,1) | DJ6: =TRIM(IF(DC6=1,"Mon ","")&IF(DD6=1,"Tue ","")&IF(DE6=1,"Wed ","")&IF(DF6=1,"Thu ","")&IF(DG6=1,"Fri ","")&IF(DH6=1,"Sat ","")&IF(DI6=1,"Sun ",""))
A7: T-O-00005 | B7: Sofia Ng | C7: sofia.ng5@example.com | D7: +61 477 215 734 | E7: Karim Wright | F7: +61 470 151 440 | G7: Parent | H7: Tutor | I7: 45328 | J7: ADM-ACT-MAT-CNE | K7: =IFERROR(VLOOKUP(J7,'(A) Introduction'!$B$35:$C$45,2,FALSE),"") | L7: No | O7: 3 | P7: =IF($H7="Tutor",((BQ7<>"")*(BR7=""))+((BW7<>"")*(BX7=""))+((CC7<>"")*(CD7=""))+((CI7<>"")*(CJ7=""))+((CO7<>"")*(CP7="")),SUMPRODUCT(--($BO$3:$BO$202=$A7),--($BR$3:$BR$202=""))+SUMPRODUCT(--($BU$3:$BU$202=$A7),--($BX$3:$BX$202=""))+SUMPRODUCT(--($CA$3:$CA$202=$A7),--($CD$3:$CD$202=""))+SUMPRODUCT(--($CG$3:$CG$202=$A7),--($CJ$3:$CJ$202=""))+SUMPRODUCT(--($CM$3:$CM$202=$A7),--($CP$3:$CP$202=""))) | Q7: =IF($H7="Tutor",(BQ7<>"")+(BW7<>"")+(CC7<>"")+(CI7<>"")+(CO7<>""),SUMPRODUCT(--($BO$3:$BO$202=$A7))+SUMPRODUCT(--($BU$3:$BU$202=$A7))+SUMPRODUCT(--($CA$3:$CA$202=$A7))+SUMPRODUCT(--($CG$3:$CG$202=$A7))+SUMPRODUCT(--($CM$3:$CM$202=$A7))) | R7: =IF($H7="Tutor",TRIM(IF(AND(BQ7<>"",BR7=""),BP7&"; ","")&IF(AND(BW7<>"",BX7=""),BV7&"; ","")&IF(AND(CC7<>"",CD7=""),CB7&"; ","")&IF(AND(CI7<>"",CJ7=""),CH7&"; ","")&IF(AND(CO7<>"",CP7=""),CN7&"; ","")),IFERROR(INDEX($A$3:$B$202,(SUMPRODUCT(($BO$3:$BO$202=$A7)*($BR$3:$BR$202="")*ROW($BO$3:$BO$202))+SUMPRODUCT(($BU$3:$BU$202=$A7)*($BX$3:$BX$202="")*ROW($BU$3:$BU$202))+SUMPRODUCT(($CA$3:$CA$202=$A7)*($CD$3:$CD$202="")*ROW($CA$3:$CA$202))+SUMPRODUCT(($CG$3:$CG$202=$A7)*($CJ$3:$CJ$202="")*ROW($CG$3:$CG$202))+SUMPRODUCT(($CM$3:$CM$202=$A7)*($CP$3:$CP$202="")*ROW($CM$3:$CM$202)))-2,2),"")) | S7: Provided | V7: 45761 | W7: ACDT (UTC+10:30) | X7: 3pm-6pm; | Y7: 9am-12pm;12pm-3pm;3pm-6pm; | Z7: 6pm-9pm; | AA7: 3pm-6pm; | AB7: NA; | AC7: 6pm-9pm; | AD7: 12pm-3pm;6pm-9pm; | AE7: In-Person | AF7: NA - Tutor | AG7: Australia | AH7: New South Wales | AI7: Auburn | AJ7: 2144 | AK7: 23369 | AL7: Female | AM7: NA | AN7: NA - Tutor | AO7: High | AP7: Australia | AQ7: NA | AR7: English (C2) | AS7: None | AT7: Childcare & Aged Care | AU7: Lawyer | AV7: NA - Tutor | AW7: Football; Cooking; Family | AX7: NA - Tutor | AY7: NA - RELT Member Verified | AZ7: Yes | BA7: Olha Bourne | BB7: Academic Referee | BC7: olha.yang505@example.com | BD7: Yes | BE7: WWC5747180V | BF7: 46136 | BG7: Yes | BH7: Adults Only | BI7: CareerSeekers | BJ7: SHANAHAN Jack | BK7: AGARWAL Akanksha | BL7: Synthetic test record. | BN7: =TRIM(IF(AND($H7="Student",$J7="ADM-ACT-MAT-CNE"),"Invalid: Student cannot be CNE. ","")&IF(AND($H7="Student",ISNUMBER($O7)),"Check: capacity set for a Student. ","")&IF(AND(LEFT($J7,11)="ADM-ACT-MAT",$P7=0),"Check: matched status but 0 active pairings. ","")&IF(AND($H7="Tutor",ISNUMBER($O7),$P7>$O7),"Check: pairings exceed capacity. ","")&IF(AND($BH7="Everyone",NOT(AND($BD7="Yes",$BG7="Yes"))),"Check: approved to tutor children but WWCC not provided/confirmed. ","")&IF(AND($P7>0,NOT(AND(OR(LEFT($AY7,3)="Yes",LEFT($AY7,2)="NA"),OR(LEFT($AZ7,3)="Yes",LEFT($AZ7,2)="NA")))),"Matched but vetting incomplete (interview/reference). ","")&IF(COUNTIF($B$3:$B$600,$B7)>1,"Duplicate participant name. ","")) | BO7: S-O-00022 | BP7: =IFERROR(VLOOKUP(BO7,$A:$B,2,FALSE),"") | BQ7: 45484 | BS7: 1.5 | BT7: KNIJNIK Marina | BU7: S-O-00047 | BV7: =IFERROR(VLOOKUP(BU7,$A:$B,2,FALSE),"") | BW7: 45721 | BY7: 1 | BZ7: THET Moh Moh | CS7: =IF(LEFT($J7,3)="ERR",0,1) | CT7: =IF(LEFT($J7,3)="ADM",1,0) | CU7: =IF(OR($J7="ADM-ACT-MAT-CNE",$J7="ADM-ACT-MAT-CE",$J7="ADM-INACT-M&T"),1,0) | CV7: =IF(AND(CU7=1,ISNUMBER(M7),ISNUMBER(I7)),M7-I7,"") | CW7: =IF(ISNUMBER(I7),TODAY()-I7,"") | CX7: =IF(ISNUMBER(I7),DATE(YEAR(I7),MONTH(I7),1),"") | CY7: =IFERROR(DATEDIF(AK7,TODAY(),"y"),"") | CZ7: =IF(CY7="","",IF(CY7<28,"18-27",IF(CY7<38,"28-37",IF(CY7<48,"38-47",IF(CY7<58,"48-57",IF(CY7<68,"58-67",IF(CY7<78,"68-77","78+")))))) | DA7: =IF(AND(BQ7<>"",BR7=""),N(BS7),0)+IF(AND(BW7<>"",BX7=""),N(BY7),0)+IF(AND(CC7<>"",CD7=""),N(CE7),0)+IF(AND(CI7<>"",CJ7=""),N(CK7),0)+IF(AND(CO7<>"",CP7=""),N(CQ7),0) | DB7: =ROUND(IF(BQ7<>"",N(BS7)*MAX(0,((IF(BR7="",TODAY(),BR7))-BQ7)/7),0)+IF(BW7<>"",N(BY7)*MAX(0,((IF(BX7="",TODAY(),BX7))-BW7)/7),0)+IF(CC7<>"",N(CE7)*MAX(0,((IF(CD7="",TODAY(),CD7))-CC7)/7),0)+IF(CI7<>"",N(CK7)*MAX(0,((IF(CJ7="",TODAY(),CJ7))-CI7)/7),0)+IF(CO7<>"",N(CQ7)*MAX(0,((IF(CP7="",TODAY(),CP7))-CO7)/7),0),1) | DC7: =IF(OR(TRIM(X7)="",TRIM(X7)="NA;",TRIM(X7)="NA"),0,1) | DD7: =IF(OR(TRIM(Y7)="",TRIM(Y7)="NA;",TRIM(Y7)="NA"),0,1) | DE7: =IF(OR(TRIM(Z7)="",TRIM(Z7)="NA;",TRIM(Z7)="NA"),0,1) | DF7: =IF(OR(TRIM(AA7)="",TRIM(AA7)="NA;",TRIM(AA7)="NA"),0,1) | DG7: =IF(OR(TRIM(AB7)="",TRIM(AB7)="NA;",TRIM(AB7)="NA"),0,1) | DH7: =IF(OR(TRIM(AC7)="",TRIM(AC7)="NA;",TRIM(AC7)="NA"),0,1) | DI7: =IF(OR(TRIM(AD7)="",TRIM(AD7)="NA;",TRIM(AD7)="NA"),0,1) | DJ7: =TRIM(IF(DC7=1,"Mon ","")&IF(DD7=1,"Tue ","")&IF(DE7=1,"Wed ","")&IF(DF7=1,"Thu ","")&IF(DG7=1,"Fri ","")&IF(DH7=1,"Sat ","")&IF(DI7=1,"Sun ",""))
A8: T-O-00006 | B8: Carlos Schaffer | C8: carlos.schaffer6@example.com | D8: +61 445 798 573 | E8: Sara Bourne | F8: +61 429 228 024 | G8: Caseworker | H8: Tutor | I8: 45328 | J8: ADM-ACT-MAT-CNE | K8: =IFERROR(VLOOKUP(J8,'(A) Introduction'!$B$35:$C$45,2,FALSE),"") | L8: No | O8: 3 | P8: =IF($H8="Tutor",((BQ8<>"")*(BR8=""))+((BW8<>"")*(BX8=""))+((CC8<>"")*(CD8=""))+((CI8<>"")*(CJ8=""))+((CO8<>"")*(CP8="")),SUMPRODUCT(--($BO$3:$BO$202=$A8),--($BR$3:$BR$202=""))+SUMPRODUCT(--($BU$3:$BU$202=$A8),--($BX$3:$BX$202=""))+SUMPRODUCT(--($CA$3:$CA$202=$A8),--($CD$3:$CD$202=""))+SUMPRODUCT(--($CG$3:$CG$202=$A8),--($CJ$3:$CJ$202=""))+SUMPRODUCT(--($CM$3:$CM$202=$A8),--($CP$3:$CP$202=""))) | Q8: =IF($H8="Tutor",(BQ8<>"")+(BW8<>"")+(CC8<>"")+(CI8<>"")+(CO8<>""),SUMPRODUCT(--($BO$3:$BO$202=$A8))+SUMPRODUCT(--($BU$3:$BU$202=$A8))+SUMPRODUCT(--($CA$3:$CA$202=$A8))+SUMPRODUCT(--($CG$3:$CG$202=$A8))+SUMPRODUCT(--($CM$3:$CM$202=$A8))) | R8: =IF($H8="Tutor",TRIM(IF(AND(BQ8<>"",BR8=""),BP8&"; ","")&IF(AND(BW8<>"",BX8=""),BV8&"; ","")&IF(AND(CC8<>"",CD8=""),CB8&"; ","")&IF(AND(CI8<>"",CJ8=""),CH8&"; ","")&IF(AND(CO8<>"",CP8=""),CN8&"; ","")),IFERROR(INDEX($A$3:$B$202,(SUMPRODUCT(($BO$3:$BO$202=$A8)*($BR$3:$BR$202="")*ROW($BO$3:$BO$202))+SUMPRODUCT(($BU$3:$BU$202=$A8)*($BX$3:$BX$202="")*ROW($BU$3:$BU$202))+SUMPRODUCT(($CA$3:$CA$202=$A8)*($CD$3:$CD$202="")*ROW($CA$3:$CA$202))+SUMPRODUCT(($CG$3:$CG$202=$A8)*($CJ$3:$CJ$202="")*ROW($CG$3:$CG$202))+SUMPRODUCT(($CM$3:$CM$202=$A8)*($CP$3:$CP$202="")*ROW($CM$3:$CM$202)))-2,2),"")) | S8: NA | V8: 45796 | W8: ACDT (UTC+10:30) | X8: 9am-12pm; | Y8: 12pm-3pm; | Z8: 9am-12pm; | AA8: 9am-12pm; | AB8: 12pm-3pm;6pm-9pm; | AC8: NA; | AD8: 9am-12pm; | AE8: Either | AF8: NA - Tutor | AG8: Australia | AH8: New South Wales | AI8: Canterbury | AJ8: 2193 | AK8: 37793 | AL8: Male | AM8: NA | AN8: NA - Tutor | AO8: Outstanding | AP8: Vietnam | AQ8: NA | AR8: Arabic (C2); Pashto (B2) | AS8: Christian (Orthodox) | AT8: Health & Medicine | AU8: Nurse | AV8: NA - Tutor | AW8: Gardening; Cooking; Walking | AX8: NA - Tutor | AY8: Yes | AZ8: NA - Partner Organisation Verified | BA8: Elena Cohen | BB8: Academic Referee | BC8: ibrahim.hassan506@example.com | BD8: Yes | BE8: WWC7398678E | BF8: 46839 | BG8: No | BH8: Adults Only | BI8: Kaldor Centre for International Refugee Law | BJ8: HERVIR Oliver | BK8: NUICH Curtis | BL8: Synthetic test record. | BN8: =TRIM(IF(AND($H8="Student",$J8="ADM-ACT-MAT-CNE"),"Invalid: Student cannot be CNE. ","")&IF(AND($H8="Student",ISNUMBER($O8)),"Check: capacity set for a Student. ","")&IF(AND(LEFT($J8,11)="ADM-ACT-MAT",$P8=0),"Check: matched status but 0 active pairings. ","")&IF(AND($H8="Tutor",ISNUMBER($O8),$P8>$O8),"Check: pairings exceed capacity. ","")&IF(AND($BH8="Everyone",NOT(AND($BD8="Yes",$BG8="Yes"))),"Check: approved to tutor children but WWCC not provided/confirmed. ","")&IF(AND($P8>0,NOT(AND(OR(LEFT($AY8,3)="Yes",LEFT($AY8,2)="NA"),OR(LEFT($AZ8,3)="Yes",LEFT($AZ8,2)="NA")))),"Matched but vetting incomplete (interview/reference). ","")&IF(COUNTIF($B$3:$B$600,$B8)>1,"Duplicate participant name. ","")) | BO8: S-O-00010 | BP8: =IFERROR(VLOOKUP(BO8,$A:$B,2,FALSE),"") | BQ8: 45497 | BS8: 1 | BT8: AGARWAL Akanksha | CS8: =IF(LEFT($J8,3)="ERR",0,1) | CT8: =IF(LEFT($J8,3)="ADM",1,0) | CU8: =IF(OR($J8="ADM-ACT-MAT-CNE",$J8="ADM-ACT-MAT-CE",$J8="ADM-INACT-M&T"),1,0) | CV8: =IF(AND(CU8=1,ISNUMBER(M8),ISNUMBER(I8)),M8-I8,"") | CW8: =IF(ISNUMBER(I8),TODAY()-I8,"") | CX8: =IF(ISNUMBER(I8),DATE(YEAR(I8),MONTH(I8),1),"") | CY8: =IFERROR(DATEDIF(AK8,TODAY(),"y"),"") | CZ8: =IF(CY8="","",IF(CY8<28,"18-27",IF(CY8<38,"28-37",IF(CY8<48,"38-47",IF(CY8<58,"48-57",IF(CY8<68,"58-67",IF(CY8<78,"68-77","78+")))))) | DA8: =IF(AND(BQ8<>"",BR8=""),N(BS8),0)+IF(AND(BW8<>"",BX8=""),N(BY8),0)+IF(AND(CC8<>"",CD8=""),N(CE8),0)+IF(AND(CI8<>"",CJ8=""),N(CK8),0)+IF(AND(CO8<>"",CP8=""),N(CQ8),0) | DB8: =ROUND(IF(BQ8<>"",N(BS8)*MAX(0,((IF(BR8="",TODAY(),BR8))-BQ8)/7),0)+IF(BW8<>"",N(BY8)*MAX(0,((IF(BX8="",TODAY(),BX8))-BW8)/7),0)+IF(CC8<>"",N(CE8)*MAX(0,((IF(CD8="",TODAY(),CD8))-CC8)/7),0)+IF(CI8<>"",N(CK8)*MAX(0,((IF(CJ8="",TODAY(),CJ8))-CI8)/7),0)+IF(CO8<>"",N(CQ8)*MAX(0,((IF(CP8="",TODAY(),CP8))-CO8)/7),0),1) | DC8: =IF(OR(TRIM(X8)="",TRIM(X8)="NA;",TRIM(X8)="NA"),0,1) | DD8: =IF(OR(TRIM(Y8)="",TRIM(Y8)="NA;",TRIM(Y8)="NA"),0,1) | DE8: =IF(OR(TRIM(Z8)="",TRIM(Z8)="NA;",TRIM(Z8)="NA"),0,1) | DF8: =IF(OR(TRIM(AA8)="",TRIM(AA8)="NA;",TRIM(AA8)="NA"),0,1) | DG8: =IF(OR(TRIM(AB8)="",TRIM(AB8)="NA;",TRIM(AB8)="NA"),0,1) | DH8: =IF(OR(TRIM(AC8)="",TRIM(AC8)="NA;",TRIM(AC8)="NA"),0,1) | DI8: =IF(OR(TRIM(AD8)="",TRIM(AD8)="NA;",TRIM(AD8)="NA"),0,1) | DJ8: =TRIM(IF(DC8=1,"Mon ","")&IF(DD8=1,"Tue ","")&IF(DE8=1,"Wed ","")&IF(DF8=1,"Thu ","")&IF(DG8=1,"Fri ","")&IF(DH8=1,"Sat ","")&IF(DI8=1,"Sun ",""))
A9: T-O-00007 | B9: Luke Ng | C9: luke.ng7@example.com | D9: +61 482 521 409 | E9: Chloe Yusuf | F9: +61 446 441 071 | G9: Caseworker | H9: Tutor | I9: 45340 | J9: ADM-ACT-UNMAT | K9: =IFERROR(VLOOKUP(J9,'(A) Introduction'!$B$35:$C$45,2,FALSE),"") | L9: No | O9: 3 | P9: =IF($H9="Tutor",((BQ9<>"")*(BR9=""))+((BW9<>"")*(BX9=""))+((CC9<>"")*(CD9=""))+((CI9<>"")*(CJ9=""))+((CO9<>"")*(CP9="")),SUMPRODUCT(--($BO$3:$BO$202=$A9),--($BR$3:$BR$202=""))+SUMPRODUCT(--($BU$3:$BU$202=$A9),--($BX$3:$BX$202=""))+SUMPRODUCT(--($CA$3:$CA$202=$A9),--($CD$3:$CD$202=""))+SUMPRODUCT(--($CG$3:$CG$202=$A9),--($CJ$3:$CJ$202=""))+SUMPRODUCT(--($CM$3:$CM$202=$A9),--($CP$3:$CP$202=""))) | Q9: =IF($H9="Tutor",(BQ9<>"")+(BW9<>"")+(CC9<>"")+(CI9<>"")+(CO9<>""),SUMPRODUCT(--($BO$3:$BO$202=$A9))+SUMPRODUCT(--($BU$3:$BU$202=$A9))+SUMPRODUCT(--($CA$3:$CA$202=$A9))+SUMPRODUCT(--($CG$3:$CG$202=$A9))+SUMPRODUCT(--($CM$3:$CM$202=$A9))) | R9: =IF($H9="Tutor",TRIM(IF(AND(BQ9<>"",BR9=""),BP9&"; ","")&IF(AND(BW9<>"",BX9=""),BV9&"; ","")&IF(AND(CC9<>"",CD9=""),CB9&"; ","")&IF(AND(CI9<>"",CJ9=""),CH9&"; ","")&IF(AND(CO9<>"",CP9=""),CN9&"; ","")),IFERROR(INDEX($A$3:$B$202,(SUMPRODUCT(($BO$3:$BO$202=$A9)*($BR$3:$BR$202="")*ROW($BO$3:$BO$202))+SUMPRODUCT(($BU$3:$BU$202=$A9)*($BX$3:$BX$202="")*ROW($BU$3:$BU$202))+SUMPRODUCT(($CA$3:$CA$202=$A9)*($CD$3:$CD$202="")*ROW($CA$3:$CA$202))+SUMPRODUCT(($CG$3:$CG$202=$A9)*($CJ$3:$CJ$202="")*ROW($CG$3:$CG$202))+SUMPRODUCT(($CM$3:$CM$202=$A9)*($CP$3:$CP$202="")*ROW($CM$3:$CM$202)))-2,2),"")) | S9: Not Provided | V9: 45725 | W9: AEST (UTC+10) | X9: 6pm-9pm; | Y9: 3pm-6pm; | Z9: 9am-12pm; | AA9: 3pm-6pm; | AB9: NA; | AC9: 6pm-9pm; | AD9: 12pm-3pm;6pm-9pm; | AE9: In-Person | AF9: NA - Tutor | AG9: Australia | AH9: New South Wales | AI9: Liverpool | AJ9: 2170 | AK9: 34583 | AL9: Male | AM9: NA | AN9: NA - Tutor | AO9: Outstanding | AP9: Egypt | AQ9: NA | AR9: Pashto (C2) | AS9: Christian | AT9: Labour, Administrative & Clerical | AU9: Aged Care Worker | AV9: NA - Tutor | AW9: Travel; Sport; Movies | AX9: NA - Tutor | AY9: NA - Partner Organisation Verified | AZ9: Yes | BA9: Reza Baker | BB9: Academic Referee | BC9: hannah.khan507@example.com | BD9: Pending | BG9: Yes | BH9: Adults Only | BI9: University of Sydney (including St. Paul's College) | BJ9: SHANAHAN Jack | BK9: THET Moh Moh | BL9: Synthetic test record. | BN9: =TRIM(IF(AND($H9="Student",$J9="ADM-ACT-MAT-CNE"),"Invalid: Student cannot be CNE. ","")&IF(AND($H9="Student",ISNUMBER($O9)),"Check: capacity set for a Student. ","")&IF(AND(LEFT($J9,11)="ADM-ACT-MAT",$P9=0),"Check: matched status but 0 active pairings. ","")&IF(AND($H9="Tutor",ISNUMBER($O9),$P9>$O9),"Check: pairings exceed capacity. ","")&IF(AND($BH9="Everyone",NOT(AND($BD9="Yes",$BG9="Yes"))),"Check: approved to tutor children but WWCC not provided/confirmed. ","")&IF(AND($P9>0,NOT(AND(OR(LEFT($AY9,3)="Yes",LEFT($AY9,2)="NA"),OR(LEFT($AZ9,3)="Yes",LEFT($AZ9,2)="NA")))),"Matched but vetting incomplete (interview/reference). ","")&IF(COUNTIF($B$3:$B$600,$B9)>1,"Duplicate participant name. ","")) | CS9: =IF(LEFT($J9,3)="ERR",0,1) | CT9: =IF(LEFT($J9,3)="ADM",1,0) | CU9: =IF(OR($J9="ADM-ACT-MAT-CNE",$J9="ADM-ACT-MAT-CE",$J9="ADM-INACT-M&T"),1,0) | CV9: =IF(AND(CU9=1,ISNUMBER(M9),ISNUMBER(I9)),M9-I9,"") | CW9: =IF(ISNUMBER(I9),TODAY()-I9,"") | CX9: =IF(ISNUMBER(I9),DATE(YEAR(I9),MONTH(I9),1),"") | CY9: =IFERROR(DATEDIF(AK9,TODAY(),"y"),"") | CZ9: =IF(CY9="","",IF(CY9<28,"18-27",IF(CY9<38,"28-37",IF(CY9<48,"38-47",IF(CY9<58,"48-57",IF(CY9<68,"58-67",IF(CY9<78,"68-77","78+")))))) | DA9: =IF(AND(BQ9<>"",BR9=""),N(BS9),0)+IF(AND(BW9<>"",BX9=""),N(BY9),0)+IF(AND(CC9<>"",CD9=""),N(CE9),0)+IF(AND(CI9<>"",CJ9=""),N(CK9),0)+IF(AND(CO9<>"",CP9=""),N(CQ9),0) | DB9: =ROUND(IF(BQ9<>"",N(BS9)*MAX(0,((IF(BR9="",TODAY(),BR9))-BQ9)/7),0)+IF(BW9<>"",N(BY9)*MAX(0,((IF(BX9="",TODAY(),BX9))-BW9)/7),0)+IF(CC9<>"",N(CE9)*MAX(0,((IF(CD9="",TODAY(),CD9))-CC9)/7),0)+IF(CI9<>"",N(CK9)*MAX(0,((IF(CJ9="",TODAY(),CJ9))-CI9)/7),0)+IF(CO9<>"",N(CQ9)*MAX(0,((IF(CP9="",TODAY(),CP9))-CO9)/7),0),1) | DC9: =IF(OR(TRIM(X9)="",TRIM(X9)="NA;",TRIM(X9)="NA"),0,1) | DD9: =IF(OR(TRIM(Y9)="",TRIM(Y9)="NA;",TRIM(Y9)="NA"),0,1) | DE9: =IF(OR(TRIM(Z9)="",TRIM(Z9)="NA;",TRIM(Z9)="NA"),0,1) | DF9: =IF(OR(TRIM(AA9)="",TRIM(AA9)="NA;",TRIM(AA9)="NA"),0,1) | DG9: =IF(OR(TRIM(AB9)="",TRIM(AB9)="NA;",TRIM(AB9)="NA"),0,1) | DH9: =IF(OR(TRIM(AC9)="",TRIM(AC9)="NA;",TRIM(AC9)="NA"),0,1) | DI9: =IF(OR(TRIM(AD9)="",TRIM(AD9)="NA;",TRIM(AD9)="NA"),0,1) | DJ9: =TRIM(IF(DC9=1,"Mon ","")&IF(DD9=1,"Tue ","")&IF(DE9=1,"Wed ","")&IF(DF9=1,"Thu ","")&IF(DG9=1,"Fri ","")&IF(DH9=1,"Sat ","")&IF(DI9=1,"Sun ",""))
A10: T-O-00008 | B10: Chloe Bourne | C10: chloe.bourne8@example.com | D10: +61 439 682 418 | E10: Sam Silva | F10: +61 484 086 290 | G10: Friend | H10: Tutor | I10: 45342 | J10: ADM-INACT-NOM&T | K10: =IFERROR(VLOOKUP(J10,'(A) Introduction'!$B$35:$C$45,2,FALSE),"") | L10: No | O10: 2 | P10: =IF($H10="Tutor",((BQ10<>"")*(BR10=""))+((BW10<>"")*(BX10=""))+((CC10<>"")*(CD10=""))+((CI10<>"")*(CJ10=""))+((CO10<>"")*(CP10="")),SUMPRODUCT(--($BO$3:$BO$202=$A10),--($BR$3:$BR$202=""))+SUMPRODUCT(--($BU$3:$BU$202=$A10),--($BX$3:$BX$202=""))+SUMPRODUCT(--($CA$3:$CA$202=$A10),--($CD$3:$CD$202=""))+SUMPRODUCT(--($CG$3:$CG$202=$A10),--($CJ$3:$CJ$202=""))+SUMPRODUCT(--($CM$3:$CM$202=$A10),--($CP$3:$CP$202=""))) | Q10: =IF($H10="Tutor",(BQ10<>"")+(BW10<>"")+(CC10<>"")+(CI10<>"")+(CO10<>""),SUMPRODUCT(--($BO$3:$BO$202=$A10))+SUMPRODUCT(--($BU$3:$BU$202=$A10))+SUMPRODUCT(--($CA$3:$CA$202=$A10))+SUMPRODUCT(--($CG$3:$CG$202=$A10))+SUMPRODUCT(--($CM$3:$CM$202=$A10))) | R10: =IF($H10="Tutor",TRIM(IF(AND(BQ10<>"",BR10=""),BP10&"; ","")&IF(AND(BW10<>"",BX10=""),BV10&"; ","")&IF(AND(CC10<>"",CD10=""),CB10&"; ","")&IF(AND(CI10<>"",CJ10=""),CH10&"; ","")&IF(AND(CO10<>"",CP10=""),CN10&"; ","")),IFERROR(INDEX($A$3:$B$202,(SUMPRODUCT(($BO$3:$BO$202=$A10)*($BR$3:$BR$202="")*ROW($BO$3:$BO$202))+SUMPRODUCT(($BU$3:$BU$202=$A10)*($BX$3:$BX$202="")*ROW($BU$3:$BU$202))+SUMPRODUCT(($CA$3:$CA$202=$A10)*($CD$3:$CD$202="")*ROW($CA$3:$CA$202))+SUMPRODUCT(($CG$3:$CG$202=$A10)*($CJ$3:$CJ$202="")*ROW($CG$3:$CG$202))+SUMPRODUCT(($CM$3:$CM$202=$A10)*($CP$3:$CP$202="")*ROW($CM$3:$CM$202)))-2,2),"")) | S10: Not Provided | V10: 45662 | W10: ACDT (UTC+10:30) | X10: 3pm-6pm; | Y10: 9am-12pm;12pm-3pm;3pm-6pm; | Z10: 9am-12pm; | AA10: 12pm-3pm; | AB10: 12pm-3pm;6pm-9pm; | AC10: 12pm-3pm;6pm-9pm; | AD10: 9am-12pm; | AE10: Either | AF10: NA - Tutor | AG10: Australia | AH10: Victoria | AI10: Dandenong | AJ10: 3175 | AK10: 31971 | AL10: Male | AM10: NA | AN10: NA - Tutor | AO10: Outstanding | AP10: Lebanon | AQ10: NA | AR10: English (C2) | AS10: Muslim | AT10: Health & Medicine | AU10: Accountant | AV10: NA - Tutor | AW10: Travel; Sport; Movies | AX10: NA - Tutor | AY10: NA - RELT Member Verified | AZ10: No | BA10: Hannah Baker | BB10: Academic Referee | BC10: jose.schaffer508@example.com | BD10: Yes | BE10: WWC5280939E | BF10: 46514 | BG10: Yes | BH10: Adults Only | BI10: Jesuit Refugee Service | BJ10: SHANAHAN Jack | BK10: NUICH Curtis | BL10: Synthetic test record. | BN10: =TRIM(IF(AND($H10="Student",$J10="ADM-ACT-MAT-CNE"),"Invalid: Student cannot be CNE. ","")&IF(AND($H10="Student",ISNUMBER($O10)),"Check: capacity set for a Student. ","")&IF(AND(LEFT($J10,11)="ADM-ACT-MAT",$P10=0),"Check: matched status but 0 active pairings. ","")&IF(AND($H10="Tutor",ISNUMBER($O10),$P10>$O10),"Check: pairings exceed capacity. ","")&IF(AND($BH10="Everyone",NOT(AND($BD10="Yes",$BG10="Yes"))),"Check: approved to tutor children but WWCC not provided/confirmed. ","")&IF(AND($P10>0,NOT(AND(OR(LEFT($AY10,3)="Yes",LEFT($AY10,2)="NA"),OR(LEFT($AZ10,3)="Yes",LEFT($AZ10,2)="NA")))),"Matched but vetting incomplete (interview/reference). ","")&IF(COUNTIF($B$3:$B$600,$B10)>1,"Duplicate participant name. ","")) | CS10: =IF(LEFT($J10,3)="ERR",0,1) | CT10: =IF(LEFT($J10,3)="ADM",1,0) | CU10: =IF(OR($J10="ADM-ACT-MAT-CNE",$J10="ADM-ACT-MAT-CE",$J10="ADM-INACT-M&T"),1,0) | CV10: =IF(AND(CU10=1,ISNUMBER(M10),ISNUMBER(I10)),M10-I10,"") | CW10: =IF(ISNUMBER(I10),TODAY()-I10,"") | CX10: =IF(ISNUMBER(I10),DATE(YEAR(I10),MONTH(I10),1),"") | CY10: =IFERROR(DATEDIF(AK10,TODAY(),"y"),"") | CZ10: =IF(CY10="","",IF(CY10<28,"18-27",IF(CY10<38,"28-37",IF(CY10<48,"38-47",IF(CY10<58,"48-57",IF(CY10<68,"58-67",IF(CY10<78,"68-77","78+")))))) | DA10: =IF(AND(BQ10<>"",BR10=""),N(BS10),0)+IF(AND(BW10<>"",BX10=""),N(BY10),0)+IF(AND(CC10<>"",CD10=""),N(CE10),0)+IF(AND(CI10<>"",CJ10=""),N(CK10),0)+IF(AND(CO10<>"",CP10=""),N(CQ10),0) | DB10: =ROUND(IF(BQ10<>"",N(BS10)*MAX(0,((IF(BR10="",TODAY(),BR10))-BQ10)/7),0)+IF(BW10<>"",N(BY10)*MAX(0,((IF(BX10="",TODAY(),BX10))-BW10)/7),0)+IF(CC10<>"",N(CE10)*MAX(0,((IF(CD10="",TODAY(),CD10))-CC10)/7),0)+IF(CI10<>"",N(CK10)*MAX(0,((IF(CJ10="",TODAY(),CJ10))-CI10)/7),0)+IF(CO10<>"",N(CQ10)*MAX(0,((IF(CP10="",TODAY(),CP10))-CO10)/7),0),1) | DC10: =IF(OR(TRIM(X10)="",TRIM(X10)="NA;",TRIM(X10)="NA"),0,1) | DD10: =IF(OR(TRIM(Y10)="",TRIM(Y10)="NA;",TRIM(Y10)="NA"),0,1) | DE10: =IF(OR(TRIM(Z10)="",TRIM(Z10)="NA;",TRIM(Z10)="NA"),0,1) | DF10: =IF(OR(TRIM(AA10)="",TRIM(AA10)="NA;",TRIM(AA10)="NA"),0,1) | DG10: =IF(OR(TRIM(AB10)="",TRIM(AB10)="NA;",TRIM(AB10)="NA"),0,1) | DH10: =IF(OR(TRIM(AC10)="",TRIM(AC10)="NA;",TRIM(AC10)="NA"),0,1) | DI10: =IF(OR(TRIM(AD10)="",TRIM(AD10)="NA;",TRIM(AD10)="NA"),0,1) | DJ10: =TRIM(IF(DC10=1,"Mon ","")&IF(DD10=1,"Tue ","")&IF(DE10=1,"Wed ","")&IF(DF10=1,"Thu ","")&IF(DG10=1,"Fri ","")&IF(DH10=1,"Sat ","")&IF(DI10=1,"Sun ",""))
A11: T-O-00009 | B11: Mark Bourne | C11: mark.bourne9@example.com | D11: +61 425 150 025 | E11: Daniel Green | F11: +61 440 972 773 | G11: Adult Child | H11: Tutor | I11: 45353 | J11: ADM-ACT-MAT-CE | K11: =IFERROR(VLOOKUP(J11,'(A) Introduction'!$B$35:$C$45,2,FALSE),"") | L11: No | O11: 2 | P11: =IF($H11="Tutor",((BQ11<>"")*(BR11=""))+((BW11<>"")*(BX11=""))+((CC11<>"")*(CD11=""))+((CI11<>"")*(CJ11=""))+((CO11<>"")*(CP11="")),SUMPRODUCT(--($BO$3:$BO$202=$A11),--($BR$3:$BR$202=""))+SUMPRODUCT(--($BU$3:$BU$202=$A11),--($BX$3:$BX$202=""))+SUMPRODUCT(--($CA$3:$CA$202=$A11),--($CD$3:$CD$202=""))+SUMPRODUCT(--($CG$3:$CG$202=$A11),--($CJ$3:$CJ$202=""))+SUMPRODUCT(--($CM$3:$CM$202=$A11),--($CP$3:$CP$202=""))) | Q11: =IF($H11="Tutor",(BQ11<>"")+(BW11<>"")+(CC11<>"")+(CI11<>"")+(CO11<>""),SUMPRODUCT(--($BO$3:$BO$202=$A11))+SUMPRODUCT(--($BU$3:$BU$202=$A11))+SUMPRODUCT(--($CA$3:$CA$202=$A11))+SUMPRODUCT(--($CG$3:$CG$202=$A11))+SUMPRODUCT(--($CM$3:$CM$202=$A11))) | R11: =IF($H11="Tutor",TRIM(IF(AND(BQ11<>"",BR11=""),BP11&"; ","")&IF(AND(BW11<>"",BX11=""),BV11&"; ","")&IF(AND(CC11<>"",CD11=""),CB11&"; ","")&IF(AND(CI11<>"",CJ11=""),CH11&"; ","")&IF(AND(CO11<>"",CP11=""),CN11&"; ","")),IFERROR(INDEX($A$3:$B$202,(SUMPRODUCT(($BO$3:$BO$202=$A11)*($BR$3:$BR$202="")*ROW($BO$3:$BO$202))+SUMPRODUCT(($BU$3:$BU$202=$A11)*($BX$3:$BX$202="")*ROW($BU$3:$BU$202))+SUMPRODUCT(($CA$3:$CA$202=$A11)*($CD$3:$CD$202="")*ROW($CA$3:$CA$202))+SUMPRODUCT(($CG$3:$CG$202=$A11)*($CJ$3:$CJ$202="")*ROW($CG$3:$CG$202))+SUMPRODUCT(($CM$3:$CM$202=$A11)*($CP$3:$CP$202="")*ROW($CM$3:$CM$202)))-2,2),"")) | S11: Provided | V11: 46139 | W11: AEDT (UTC+11) | X11: 6pm-9pm; | Y11: 6pm-9pm; | Z11: 12pm-3pm;6pm-9pm; | AA11: 12pm-3pm; | AB11: 12pm-3pm;6pm-9pm; | AC11: 6pm-9pm; | AD11: 12pm-3pm;6pm-9pm; | AE11: Online | AF11: NA - Tutor | AG11: Australia | AH11: New South Wales | AI11: Eastlakes | AJ11: 2018 | AK11: 25064 | AL11: Other | AM11: NA | AN11: NA - Tutor | AO11: Low | AP11: Australia | AQ11: NA | AR11: English (C2) | AS11: Christian (Orthodox) | AT11: Childcare & Aged Care | AU11: Retail | AV11: NA - Tutor | AW11: Art; Photography; Travel | AX11: NA - Tutor | AY11: Yes | AZ11: Yes | BA11: Tom Lee | BB11: Friend | BC11: daniel.smith509@example.com | BD11: Yes | BE11: WWC7692721E | BF11: 46065 | BG11: Yes | BH11: Adults Only | BI11: STARTTS | BJ11: THET Moh Moh | BK11: SHANAHAN Jack | BL11: Synthetic test record. | BN11: =TRIM(IF(AND($H11="Student",$J11="ADM-ACT-MAT-CNE"),"Invalid: Student cannot be CNE. ","")&IF(AND($H11="Student",ISNUMBER($O11)),"Check: capacity set for a Student. ","")&IF(AND(LEFT($J11,11)="ADM-ACT-MAT",$P11=0),"Check: matched status but 0 active pairings. ","")&IF(AND($H11="Tutor",ISNUMBER($O11),$P11>$O11),"Check: pairings exceed capacity. ","")&IF(AND($BH11="Everyone",NOT(AND($BD11="Yes",$BG11="Yes"))),"Check: approved to tutor children but WWCC not provided/confirmed. ","")&IF(AND($P11>0,NOT(AND(OR(LEFT($AY11,3)="Yes",LEFT($AY11,2)="NA"),OR(LEFT($AZ11,3)="Yes",LEFT($AZ11,2)="NA")))),"Matched but vetting incomplete (interview/reference). ","")&IF(COUNTIF($B$3:$B$600,$B11)>1,"Duplicate participant name. ","")) | BO11: S-N-00017 | BP11: =IFERROR(VLOOKUP(BO11,$A:$B,2,FALSE),"") | BQ11: 45831 | BS11: 1.5 | BT11: THET Moh Moh | BU11: S-O-00041 | BV11: =IFERROR(VLOOKUP(BU11,$A:$B,2,FALSE),"") | BW11: 45617 | BY11: 1 | BZ11: MCCRORIE John | CS11: =IF(LEFT($J11,3)="ERR",0,1) | CT11: =IF(LEFT($J11,3)="ADM",1,0) | CU11: =IF(OR($J11="ADM-ACT-MAT-CNE",$J11="ADM-ACT-MAT-CE",$J11="ADM-INACT-M&T"),1,0) | CV11: =IF(AND(CU11=1,ISNUMBER(M11),ISNUMBER(I11)),M11-I11,"") | CW11: =IF(ISNUMBER(I11),TODAY()-I11,"") | CX11: =IF(ISNUMBER(I11),DATE(YEAR(I11),MONTH(I11),1),"") | CY11: =IFERROR(DATEDIF(AK11,TODAY(),"y"),"") | CZ11: =IF(CY11="","",IF(CY11<28,"18-27",IF(CY11<38,"28-37",IF(CY11<48,"38-47",IF(CY11<58,"48-57",IF(CY11<68,"58-67",IF(CY11<78,"68-77","78+")))))) | DA11: =IF(AND(BQ11<>"",BR11=""),N(BS11),0)+IF(AND(BW11<>"",BX11=""),N(BY11),0)+IF(AND(CC11<>"",CD11=""),N(CE11),0)+IF(AND(CI11<>"",CJ11=""),N(CK11),0)+IF(AND(CO11<>"",CP11=""),N(CQ11),0) | DB11: =ROUND(IF(BQ11<>"",N(BS11)*MAX(0,((IF(BR11="",TODAY(),BR11))-BQ11)/7),0)+IF(BW11<>"",N(BY11)*MAX(0,((IF(BX11="",TODAY(),BX11))-BW11)/7),0)+IF(CC11<>"",N(CE11)*MAX(0,((IF(CD11="",TODAY(),CD11))-CC11)/7),0)+IF(CI11<>"",N(CK11)*MAX(0,((IF(CJ11="",TODAY(),CJ11))-CI11)/7),0)+IF(CO11<>"",N(CQ11)*MAX(0,((IF(CP11="",TODAY(),CP11))-CO11)/7),0),1) | DC11: =IF(OR(TRIM(X11)="",TRIM(X11)="NA;",TRIM(X11)="NA"),0,1) | DD11: =IF(OR(TRIM(Y11)="",TRIM(Y11)="NA;",TRIM(Y11)="NA"),0,1) | DE11: =IF(OR(TRIM(Z11)="",TRIM(Z11)="NA;",TRIM(Z11)="NA"),0,1) | DF11: =IF(OR(TRIM(AA11)="",TRIM(AA11)="NA;",TRIM(AA11)="NA"),0,1) | DG11: =IF(OR(TRIM(AB11)="",TRIM(AB11)="NA;",TRIM(AB11)="NA"),0,1) | DH11: =IF(OR(TRIM(AC11)="",TRIM(AC11)="NA;",TRIM(AC11)="NA"),0,1) | DI11: =IF(OR(TRIM(AD11)="",TRIM(AD11)="NA;",TRIM(AD11)="NA"),0,1) | DJ11: =TRIM(IF(DC11=1,"Mon ","")&IF(DD11=1,"Tue ","")&IF(DE11=1,"Wed ","")&IF(DF11=1,"Thu ","")&IF(DG11=1,"Fri ","")&IF(DH11=1,"Sat ","")&IF(DI11=1,"Sun ",""))
A12: T-O-00010 | B12: Ahmad Taylor | C12: ahmad.taylor10@example.com | D12: +61 433 769 253 | E12: Pedro Slaytor | F12: +61 498 598 968 | G12: Caseworker | H12: Tutor | I12: 45367 | J12: ADM-ACT-MAT-CNE | K12: =IFERROR(VLOOKUP(J12,'(A) Introduction'!$B$35:$C$45,2,FALSE),"") | L12: No | O12: 3 | P12: =IF($H12="Tutor",((BQ12<>"")*(BR12=""))+((BW12<>"")*(BX12=""))+((CC12<>"")*(CD12=""))+((CI12<>"")*(CJ12=""))+((CO12<>"")*(CP12="")),SUMPRODUCT(--($BO$3:$BO$202=$A12),--($BR$3:$BR$202=""))+SUMPRODUCT(--($BU$3:$BU$202=$A12),--($BX$3:$BX$202=""))+SUMPRODUCT(--($CA$3:$CA$202=$A12),--($CD$3:$CD$202=""))+SUMPRODUCT(--($CG$3:$CG$202=$A12),--($CJ$3:$CJ$202=""))+SUMPRODUCT(--($CM$3:$CM$202=$A12),--($CP$3:$CP$202=""))) | Q12: =IF($H12="Tutor",(BQ12<>"")+(BW12<>"")+(CC12<>"")+(CI12<>"")+(CO12<>""),SUMPRODUCT(--($BO$3:$BO$202=$A12))+SUMPRODUCT(--($BU$3:$BU$202=$A12))+SUMPRODUCT(--($CA$3:$CA$202=$A12))+SUMPRODUCT(--($CG$3:$CG$202=$A12))+SUMPRODUCT(--($CM$3:$CM$202=$A12))) | R12: =IF($H12="Tutor",TRIM(IF(AND(BQ12<>"",BR12=""),BP12&"; ","")&IF(AND(BW12<>"",BX12=""),BV12&"; ","")&IF(AND(CC12<>"",CD12=""),CB12&"; ","")&IF(AND(CI12<>"",CJ12=""),CH12&"; ","")&IF(AND(CO12<>"",CP12=""),CN12&"; ","")),IFERROR(INDEX($A$3:$B$202,(SUMPRODUCT(($BO$3:$BO$202=$A12)*($BR$3:$BR$202="")*ROW($BO$3:$BO$202))+SUMPRODUCT(($BU$3:$BU$202=$A12)*($BX$3:$BX$202="")*ROW($BU$3:$BU$202))+SUMPRODUCT(($CA$3:$CA$202=$A12)*($CD$3:$CD$202="")*ROW($CA$3:$CA$202))+SUMPRODUCT(($CG$3:$CG$202=$A12)*($CJ$3:$CJ$202="")*ROW($CG$3:$CG$202))+SUMPRODUCT(($CM$3:$CM$202=$A12)*($CP$3:$CP$202="")*ROW($CM$3:$CM$202)))-2,2),"")) | S12: NA | V12: 45721 | W12: AEDT (UTC+11) | X12: 12pm-3pm; | Y12: 3pm-6pm; | Z12: 6pm-9pm; | AA12: 6pm-9pm; | AB12: 3pm-6pm; | AC12: 12pm-3pm; | AD12: 3pm-6pm; | AE12: In-Person | AF12: NA - Tutor | AG12: Australia | AH12: New South Wales | AI12: Blacktown | AJ12: 2148 | AK12: 27885 | AL12: Other | AM12: NA | AN12: NA - Tutor | AO12: Low | AP12: Australia; Egypt | AQ12: NA | AR12: English (C2) | AS12: Christian (Catholic) | AT12: Trades & Construction | AU12: Student | AV12: NA - Tutor | AW12: Cooking; Reading; Music | AX12: NA - Tutor | AY12: NA - RELT Member Verified | AZ12: NA - Partner Organisation Verified | BA12: Layla King | BB12: Friend | BC12: viktor.hadaya510@example.com | BD12: Yes | BE12: WWC3733691V | BF12: 46847 | BG12: No | BH12: Adults Only | BI12: Settlement Services International | BJ12: AGARWAL Akanksha | BK12: HERVIR Oliver | BL12: Synthetic test record. | BN12: =TRIM(IF(AND($H12="Student",$J12="ADM-ACT-MAT-CNE"),"Invalid: Student cannot be CNE. ","")&IF(AND($H12="Student",ISNUMBER($O12)),"Check: capacity set for a Student. ","")&IF(AND(LEFT($J12,11)="ADM-ACT-MAT",$P12=0),"Check: matched status but 0 active pairings. ","")&IF(AND($H12="Tutor",ISNUMBER($O12),$P12>$O12),"Check: pairings exceed capacity. ","")&IF(AND($BH12="Everyone",NOT(AND($BD12="Yes",$BG12="Yes"))),"Check: approved to tutor children but WWCC not provided/confirmed. ","")&IF(AND($P12>0,NOT(AND(OR(LEFT($AY12,3)="Yes",LEFT($AY12,2)="NA"),OR(LEFT($AZ12,3)="Yes",LEFT($AZ12,2)="NA")))),"Matched but vetting incomplete (interview/reference). ","")&IF(COUNTIF($B$3:$B$600,$B12)>1,"Duplicate participant name. ","")) | BO12: S-N-00049 | BP12: =IFERROR(VLOOKUP(BO12,$A:$B,2,FALSE),"") | BQ12: 46098 | BS12: 2 | BT12: SINGH Veera | CS12: =IF(LEFT($J12,3)="ERR",0,1) | CT12: =IF(LEFT($J12,3)="ADM",1,0) | CU12: =IF(OR($J12="ADM-ACT-MAT-CNE",$J12="ADM-ACT-MAT-CE",$J12="ADM-INACT-M&T"),1,0) | CV12: =IF(AND(CU12=1,ISNUMBER(M12),ISNUMBER(I12)),M12-I12,"") | CW12: =IF(ISNUMBER(I12),TODAY()-I12,"") | CX12: =IF(ISNUMBER(I12),DATE(YEAR(I12),MONTH(I12),1),"") | CY12: =IFERROR(DATEDIF(AK12,TODAY(),"y"),"") | CZ12: =IF(CY12="","",IF(CY12<28,"18-27",IF(CY12<38,"28-37",IF(CY12<48,"38-47",IF(CY12<58,"48-57",IF(CY12<68,"58-67",IF(CY12<78,"68-77","78+")))))) | DA12: =IF(AND(BQ12<>"",BR12=""),N(BS12),0)+IF(AND(BW12<>"",BX12=""),N(BY12),0)+IF(AND(CC12<>"",CD12=""),N(CE12),0)+IF(AND(CI12<>"",CJ12=""),N(CK12),0)+IF(AND(CO12<>"",CP12=""),N(CQ12),0) | DB12: =ROUND(IF(BQ12<>"",N(BS12)*MAX(0,((IF(BR12="",TODAY(),BR12))-BQ12)/7),0)+IF(BW12<>"",N(BY12)*MAX(0,((IF(BX12="",TODAY(),BX12))-BW12)/7),0)+IF(CC12<>"",N(CE12)*MAX(0,((IF(CD12="",TODAY(),CD12))-CC12)/7),0)+IF(CI12<>"",N(CK12)*MAX(0,((IF(CJ12="",TODAY(),CJ12))-CI12)/7),0)+IF(CO12<>"",N(CQ12)*MAX(0,((IF(CP12="",TODAY(),CP12))-CO12)/7),0),1) | DC12: =IF(OR(TRIM(X12)="",TRIM(X12)="NA;",TRIM(X12)="NA"),0,1) | DD12: =IF(OR(TRIM(Y12)="",TRIM(Y12)="NA;",TRIM(Y12)="NA"),0,1) | DE12: =IF(OR(TRIM(Z12)="",TRIM(Z12)="NA;",TRIM(Z12)="NA"),0,1) | DF12: =IF(OR(TRIM(AA12)="",TRIM(AA12)="NA;",TRIM(AA12)="NA"),0,1) | DG12: =IF(OR(TRIM(AB12)="",TRIM(AB12)="NA;",TRIM(AB12)="NA"),0,1) | DH12: =IF(OR(TRIM(AC12)="",TRIM(AC12)="NA;",TRIM(AC12)="NA"),0,1) | DI12: =IF(OR(TRIM(AD12)="",TRIM(AD12)="NA;",TRIM(AD12)="NA"),0,1) | DJ12: =TRIM(IF(DC12=1,"Mon ","")&IF(DD12=1,"Tue ","")&IF(DE12=1,"Wed ","")&IF(DF12=1,"Thu ","")&IF(DG12=1,"Fri ","")&IF(DH12=1,"Sat ","")&IF(DI12=1,"Sun ",""))
A13: T-O-00011 | B13: Sara Bourne | C13: sara.bourne11@example.com | D13: +61 453 551 765 | E13: Nour Ali | F13: +61 459 186 051 | G13: Sibling | H13: Tutor | I13: 45369 | J13: ADM-ACT-MAT-CNE | K13: =IFERROR(VLOOKUP(J13,'(A) Introduction'!$B$35:$C$45,2,FALSE),"") | L13: No | O13: 3 | P13: =IF($H13="Tutor",((BQ13<>"")*(BR13=""))+((BW13<>"")*(BX13=""))+((CC13<>"")*(CD13=""))+((CI13<>"")*(CJ13=""))+((CO13<>"")*(CP13="")),SUMPRODUCT(--($BO$3:$BO$202=$A13),--($BR$3:$BR$202=""))+SUMPRODUCT(--($BU$3:$BU$202=$A13),--($BX$3:$BX$202=""))+SUMPRODUCT(--($CA$3:$CA$202=$A13),--($CD$3:$CD$202=""))+SUMPRODUCT(--($CG$3:$CG$202=$A13),--($CJ$3:$CJ$202=""))+SUMPRODUCT(--($CM$3:$CM$202=$A13),--($CP$3:$CP$202=""))) | Q13: =IF($H13="Tutor",(BQ13<>"")+(BW13<>"")+(CC13<>"")+(CI13<>"")+(CO13<>""),SUMPRODUCT(--($BO$3:$BO$202=$A13))+SUMPRODUCT(--($BU$3:$BU$202=$A13))+SUMPRODUCT(--($CA$3:$CA$202=$A13))+SUMPRODUCT(--($CG$3:$CG$202=$A13))+SUMPRODUCT(--($CM$3:$CM$202=$A13))) | R13: =IF($H13="Tutor",TRIM(IF(AND(BQ13<>"",BR13=""),BP13&"; ","")&IF(AND(BW13<>"",BX13=""),BV13&"; ","")&IF(AND(CC13<>"",CD13=""),CB13&"; ","")&IF(AND(CI13<>"",CJ13=""),CH13&"; ","")&IF(AND(CO13<>"",CP13=""),CN13&"; ","")),IFERROR(INDEX($A$3:$B$202,(SUMPRODUCT(($BO$3:$BO$202=$A13)*($BR$3:$BR$202="")*ROW($BO$3:$BO$202))+SUMPRODUCT(($BU$3:$BU$202=$A13)*($BX$3:$BX$202="")*ROW($BU$3:$BU$202))+SUMPRODUCT(($CA$3:$CA$202=$A13)*($CD$3:$CD$202="")*ROW($CA$3:$CA$202))+SUMPRODUCT(($CG$3:$CG$202=$A13)*($CJ$3:$CJ$202="")*ROW($CG$3:$CG$202))+SUMPRODUCT(($CM$3:$CM$202=$A13)*($CP$3:$CP$202="")*ROW($CM$3:$CM$202)))-2,2),"")) | S13: NA | V13: 46039 | W13: AEST (UTC+10) | X13: 6pm-9pm; | Y13: 12pm-3pm; | Z13: 3pm-6pm; | AA13: 12pm-3pm;6pm-9pm; | AB13: 6pm-9pm; | AC13: NA; | AD13: 12pm-3pm;6pm-9pm; | AE13: In-Person | AF13: NA - Tutor | AG13: Australia | AH13: New South Wales | AI13: Marrickville | AJ13: 2204 | AK13: 33605 | AL13: Other | AM13: NA | AN13: NA - Tutor | AO13: Outstanding | AP13: United Kingdom | AQ13: NA | AR13: English (C2) | AS13: Christian (Catholic) | AT13: Law & Legal Services | AU13: Nurse | AV13: NA - Tutor | AW13: Football; Cooking; Family | AX13: NA - Tutor | AY13: No | AZ13: Yes | BA13: Tariq Marks | BB13: Manager | BC13: rania.marks511@example.com | BD13: Yes | BE13: WWC5780430E | BF13: 46269 | BG13: No | BH13: Adults Only | BI13: AMES Australia | BJ13: CROCK Mary | BK13: THET Moh Moh | BL13: Synthetic test record. | BN13: =TRIM(IF(AND($H13="Student",$J13="ADM-ACT-MAT-CNE"),"Invalid: Student cannot be CNE. ","")&IF(AND($H13="Student",ISNUMBER($O13)),"Check: capacity set for a Student. ","")&IF(AND(LEFT($J13,11)="ADM-ACT-MAT",$P13=0),"Check: matched status but 0 active pairings. ","")&IF(AND($H13="Tutor",ISNUMBER($O13),$P13>$O13),"Check: pairings exceed capacity. ","")&IF(AND($BH13="Everyone",NOT(AND($BD13="Yes",$BG13="Yes"))),"Check: approved to tutor children but WWCC not provided/confirmed. ","")&IF(AND($P13>0,NOT(AND(OR(LEFT($AY13,3)="Yes",LEFT($AY13,2)="NA"),OR(LEFT($AZ13,3)="Yes",LEFT($AZ13,2)="NA")))),"Matched but vetting incomplete (interview/reference). ","")&IF(COUNTIF($B$3:$B$600,$B13)>1,"Duplicate participant name. ","")) | BO13: S-N-00048 | BP13: =IFERROR(VLOOKUP(BO13,$A:$B,2,FALSE),"") | BQ13: 46003 | BS13: 1 | BT13: AGARWAL Akanksha | BU13: S-O-00048 | BV13: =IFERROR(VLOOKUP(BU13,$A:$B,2,FALSE),"") | BW13: 45694 | BX13: 45864 | BY13: 1.5 | BZ13: KNIJNIK Marina | CS13: =IF(LEFT($J13,3)="ERR",0,1) | CT13: =IF(LEFT($J13,3)="ADM",1,0) | CU13: =IF(OR($J13="ADM-ACT-MAT-CNE",$J13="ADM-ACT-MAT-CE",$J13="ADM-INACT-M&T"),1,0) | CV13: =IF(AND(CU13=1,ISNUMBER(M13),ISNUMBER(I13)),M13-I13,"") | CW13: =IF(ISNUMBER(I13),TODAY()-I13,"") | CX13: =IF(ISNUMBER(I13),DATE(YEAR(I13),MONTH(I13),1),"") | CY13: =IFERROR(DATEDIF(AK13,TODAY(),"y"),"") | CZ13: =IF(CY13="","",IF(CY13<28,"18-27",IF(CY13<38,"28-37",IF(CY13<48,"38-47",IF(CY13<58,"48-57",IF(CY13<68,"58-67",IF(CY13<78,"68-77","78+")))))) | DA13: =IF(AND(BQ13<>"",BR13=""),N(BS13),0)+IF(AND(BW13<>"",BX13=""),N(BY13),0)+IF(AND(CC13<>"",CD13=""),N(CE13),0)+IF(AND(CI13<>"",CJ13=""),N(CK13),0)+IF(AND(CO13<>"",CP13=""),N(CQ13),0) | DB13: =ROUND(IF(BQ13<>"",N(BS13)*MAX(0,((IF(BR13="",TODAY(),BR13))-BQ13)/7),0)+IF(BW13<>"",N(BY13)*MAX(0,((IF(BX13="",TODAY(),BX13))-BW13)/7),0)+IF(CC13<>"",N(CE13)*MAX(0,((IF(CD13="",TODAY(),CD13))-CC13)/7),0)+IF(CI13<>"",N(CK13)*MAX(0,((IF(CJ13="",TODAY(),CJ13))-CI13)/7),0)+IF(CO13<>"",N(CQ13)*MAX(0,((IF(CP13="",TODAY(),CP13))-CO13)/7),0),1) | DC13: =IF(OR(TRIM(X13)="",TRIM(X13)="NA;",TRIM(X13)="NA"),0,1) | DD13: =IF(OR(TRIM(Y13)="",TRIM(Y13)="NA;",TRIM(Y13)="NA"),0,1) | DE13: =IF(OR(TRIM(Z13)="",TRIM(Z13)="NA;",TRIM(Z13)="NA"),0,1) | DF13: =IF(OR(TRIM(AA13)="",TRIM(AA13)="NA;",TRIM(AA13)="NA"),0,1) | DG13: =IF(OR(TRIM(AB13)="",TRIM(AB13)="NA;",TRIM(AB13)="NA"),0,1) | DH13: =IF(OR(TRIM(AC13)="",TRIM(AC13)="NA;",TRIM(AC13)="NA"),0,1) | DI13: =IF(OR(TRIM(AD13)="",TRIM(AD13)="NA;",TRIM(AD13)="NA"),0,1) | DJ13: =TRIM(IF(DC13=1,"Mon ","")&IF(DD13=1,"Tue ","")&IF(DE13=1,"Wed ","")&IF(DF13=1,"Thu ","")&IF(DG13=1,"Fri ","")&IF(DH13=1,"Sat ","")&IF(DI13=1,"Sun ",""))
A14: T-O-00012 | B14: Reza Slaytor | C14: reza.slaytor12@example.com | D14: +61 496 974 851 | E14: Laura Stanley | F14: +61 498 377 171 | G14: Friend | H14: Tutor | I14: 45376 | J14: NADM-REJ-UNRES | K14: =IFERROR(VLOOKUP(J14,'(A) Introduction'!$B$35:$C$45,2,FALSE),"") | L14: No | O14: 2 | P14: =IF($H14="Tutor",((BQ14<>"")*(BR14=""))+((BW14<>"")*(BX14=""))+((CC14<>"")*(CD14=""))+((CI14<>"")*(CJ14=""))+((CO14<>"")*(CP14="")),SUMPRODUCT(--($BO$3:$BO$202=$A14),--($BR$3:$BR$202=""))+SUMPRODUCT(--($BU$3:$BU$202=$A14),--($BX$3:$BX$202=""))+SUMPRODUCT(--($CA$3:$CA$202=$A14),--($CD$3:$CD$202=""))+SUMPRODUCT(--($CG$3:$CG$202=$A14),--($CJ$3:$CJ$202=""))+SUMPRODUCT(--($CM$3:$CM$202=$A14),--($CP$3:$CP$202=""))) | Q14: =IF($H14="Tutor",(BQ14<>"")+(BW14<>"")+(CC14<>"")+(CI14<>"")+(CO14<>""),SUMPRODUCT(--($BO$3:$BO$202=$A14))+SUMPRODUCT(--($BU$3:$BU$202=$A14))+SUMPRODUCT(--($CA$3:$CA$202=$A14))+SUMPRODUCT(--($CG$3:$CG$202=$A14))+SUMPRODUCT(--($CM$3:$CM$202=$A14))) | R14: =IF($H14="Tutor",TRIM(IF(AND(BQ14<>"",BR14=""),BP14&"; ","")&IF(AND(BW14<>"",BX14=""),BV14&"; ","")&IF(AND(CC14<>"",CD14=""),CB14&"; ","")&IF(AND(CI14<>"",CJ14=""),CH14&"; ","")&IF(AND(CO14<>"",CP14=""),CN14&"; ","")),IFERROR(INDEX($A$3:$B$202,(SUMPRODUCT(($BO$3:$BO$202=$A14)*($BR$3:$BR$202="")*ROW($BO$3:$BO$202))+SUMPRODUCT(($BU$3:$BU$202=$A14)*($BX$3:$BX$202="")*ROW($BU$3:$BU$202))+SUMPRODUCT(($CA$3:$CA$202=$A14)*($CD$3:$CD$202="")*ROW($CA$3:$CA$202))+SUMPRODUCT(($CG$3:$CG$202=$A14)*($CJ$3:$CJ$202="")*ROW($CG$3:$CG$202))+SUMPRODUCT(($CM$3:$CM$202=$A14)*($CP$3:$CP$202="")*ROW($CM$3:$CM$202)))-2,2),"")) | S14: Not Provided | W14: AWST (UTC+8) | X14: 6pm-9pm; | Y14: 6pm-9pm; | Z14: NA; | AA14: 9am-12pm;12pm-3pm;3pm-6pm; | AB14: NA; | AC14: 6am-9am;9am-12pm; | AD14: 12pm-3pm; | AE14: Either | AF14: NA - Tutor | AG14: Australia | AH14: New South Wales | AI14: Doonside | AJ14: 2767 | AK14: 23771 | AL14: Other | AM14: NA | AN14: NA - Tutor | AO14: Low | AP14: Australia | AQ14: NA | AR14: English (C2) | AS14: Christian (Orthodox) | AT14: Arts, Media & Design | AU14: Aged Care Worker | AV14: NA - Tutor | AW14: Travel; Sport; Movies | AX14: NA - Tutor | AY14: Yes | AZ14: Yes | BA14: Sarah Khan | BB14: Manager | BC14: diego.nguyen512@example.com | BD14: Yes | BE14: WWC6008781V | BF14: 46908 | BG14: No | BH14: Adults Only | BI14: University of Western Sydney (including the Law Students' Society) | BJ14: HERVIR Oliver | BK14: NUICH Curtis | BL14: Synthetic test record. | BN14: =TRIM(IF(AND($H14="Student",$J14="ADM-ACT-MAT-CNE"),"Invalid: Student cannot be CNE. ","")&IF(AND($H14="Student",ISNUMBER($O14)),"Check: capacity set for a Student. ","")&IF(AND(LEFT($J14,11)="ADM-ACT-MAT",$P14=0),"Check: matched status but 0 active pairings. ","")&IF(AND($H14="Tutor",ISNUMBER($O14),$P14>$O14),"Check: pairings exceed capacity. ","")&IF(AND($BH14="Everyone",NOT(AND($BD14="Yes",$BG14="Yes"))),"Check: approved to tutor children but WWCC not provided/confirmed. ","")&IF(AND($P14>0,NOT(AND(OR(LEFT($AY14,3)="Yes",LEFT($AY14,2)="NA"),OR(LEFT($AZ14,3)="Yes",LEFT($AZ14,2)="NA")))),"Matched but vetting incomplete (interview/reference). ","")&IF(COUNTIF($B$3:$B$600,$B14)>1,"Duplicate participant name. ","")) | CS14: =IF(LEFT($J14,3)="ERR",0,1) | CT14: =IF(LEFT($J14,3)="ADM",1,0) | CU14: =IF(OR($J14="ADM-ACT-MAT-CNE",$J14="ADM-ACT-MAT-CE",$J14="ADM-INACT-M&T"),1,0) | CV14: =IF(AND(CU14=1,ISNUMBER(M14),ISNUMBER(I14)),M14-I14,"") | CW14: =IF(ISNUMBER(I14),TODAY()-I14,"") | CX14: =IF(ISNUMBER(I14),DATE(YEAR(I14),MONTH(I14),1),"") | CY14: =IFERROR(DATEDIF(AK14,TODAY(),"y"),"") | CZ14: =IF(CY14="","",IF(CY14<28,"18-27",IF(CY14<38,"28-37",IF(CY14<48,"38-47",IF(CY14<58,"48-57",IF(CY14<68,"58-67",IF(CY14<78,"68-77","78+")))))) | DA14: =IF(AND(BQ14<>"",BR14=""),N(BS14),0)+IF(AND(BW14<>"",BX14=""),N(BY14),0)+IF(AND(CC14<>"",CD14=""),N(CE14),0)+IF(AND(CI14<>"",CJ14=""),N(CK14),0)+IF(AND(CO14<>"",CP14=""),N(CQ14),0) | DB14: =ROUND(IF(BQ14<>"",N(BS14)*MAX(0,((IF(BR14="",TODAY(),BR14))-BQ14)/7),0)+IF(BW14<>"",N(BY14)*MAX(0,((IF(BX14="",TODAY(),BX14))-BW14)/7),0)+IF(CC14<>"",N(CE14)*MAX(0,((IF(CD14="",TODAY(),CD14))-CC14)/7),0)+IF(CI14<>"",N(CK14)*MAX(0,((IF(CJ14="",TODAY(),CJ14))-CI14)/7),0)+IF(CO14<>"",N(CQ14)*MAX(0,((IF(CP14="",TODAY(),CP14))-CO14)/7),0),1) | DC14: =IF(OR(TRIM(X14)="",TRIM(X14)="NA;",TRIM(X14)="NA"),0,1) | DD14: =IF(OR(TRIM(Y14)="",TRIM(Y14)="NA;",TRIM(Y14)="NA"),0,1) | DE14: =IF(OR(TRIM(Z14)="",TRIM(Z14)="NA;",TRIM(Z14)="NA"),0,1) | DF14: =IF(OR(TRIM(AA14)="",TRIM(AA14)="NA;",TRIM(AA14)="NA"),0,1) | DG14: =IF(OR(TRIM(AB14)="",TRIM(AB14)="NA;",TRIM(AB14)="NA"),0,1) | DH14: =IF(OR(TRIM(AC14)="",TRIM(AC14)="NA;",TRIM(AC14)="NA"),0,1) | DI14: =IF(OR(TRIM(AD14)="",TRIM(AD14)="NA;",TRIM(AD14)="NA"),0,1) | DJ14: =TRIM(IF(DC14=1,"Mon ","")&IF(DD14=1,"Tue ","")&IF(DE14=1,"Wed ","")&IF(DF14=1,"Thu ","")&IF(DG14=1,"Fri ","")&IF(DH14=1,"Sat ","")&IF(DI14=1,"Sun ",""))
A15: T-O-00013 | B15: Peter Drobushar | C15: peter.drobushar13@example.com | D15: +61 473 693 929 | E15: Sofia Brown | F15: +61 422 751 534 | G15: Caseworker | H15: Tutor | I15: 45377 | J15: ADM-ACT-MAT-CNE | K15: =IFERROR(VLOOKUP(J15,'(A) Introduction'!$B$35:$C$45,2,FALSE),"") | L15: No | O15: 3 | P15: =IF($H15="Tutor",((BQ15<>"")*(BR15=""))+((BW15<>"")*(BX15=""))+((CC15<>"")*(CD15=""))+((CI15<>"")*(CJ15=""))+((CO15<>"")*(CP15="")),SUMPRODUCT(--($BO$3:$BO$202=$A15),--($BR$3:$BR$202=""))+SUMPRODUCT(--($BU$3:$BU$202=$A15),--($BX$3:$BX$202=""))+SUMPRODUCT(--($CA$3:$CA$202=$A15),--($CD$3:$CD$202=""))+SUMPRODUCT(--($CG$3:$CG$202=$A15),--($CJ$3:$CJ$202=""))+SUMPRODUCT(--($CM$3:$CM$202=$A15),--($CP$3:$CP$202=""))) | Q15: =IF($H15="Tutor",(BQ15<>"")+(BW15<>"")+(CC15<>"")+(CI15<>"")+(CO15<>""),SUMPRODUCT(--($BO$3:$BO$202=$A15))+SUMPRODUCT(--($BU$3:$BU$202=$A15))+SUMPRODUCT(--($CA$3:$CA$202=$A15))+SUMPRODUCT(--($CG$3:$CG$202=$A15))+SUMPRODUCT(--($CM$3:$CM$202=$A15))) | R15: =IF($H15="Tutor",TRIM(IF(AND(BQ15<>"",BR15=""),BP15&"; ","")&IF(AND(BW15<>"",BX15=""),BV15&"; ","")&IF(AND(CC15<>"",CD15=""),CB15&"; ","")&IF(AND(CI15<>"",CJ15=""),CH15&"; ","")&IF(AND(CO15<>"",CP15=""),CN15&"; ","")),IFERROR(INDEX($A$3:$B$202,(SUMPRODUCT(($BO$3:$BO$202=$A15)*($BR$3:$BR$202="")*ROW($BO$3:$BO$202))+SUMPRODUCT(($BU$3:$BU$202=$A15)*($BX$3:$BX$202="")*ROW($BU$3:$BU$202))+SUMPRODUCT(($CA$3:$CA$202=$A15)*($CD$3:$CD$202="")*ROW($CA$3:$CA$202))+SUMPRODUCT(($CG$3:$CG$202=$A15)*($CJ$3:$CJ$202="")*ROW($CG$3:$CG$202))+SUMPRODUCT(($CM$3:$CM$202=$A15)*($CP$3:$CP$202="")*ROW($CM$3:$CM$202)))-2,2),"")) | S15: Not Provided | V15: 45953 | W15: ACDT (UTC+10:30) | X15: 12pm-3pm; | Y15: 6pm-9pm; | Z15: 12pm-3pm; | AA15: 6pm-9pm; | AB15: 3pm-6pm; | AC15: 6pm-9pm; | AD15: NA; | AE15: In-Person | AF15: NA - Tutor | AG15: Australia | AH15: New South Wales | AI15: Auburn | AJ15: 2144 | AK15: 31375 | AL15: Male | AM15: NA | AN15: NA - Tutor | AO15: High | AP15: Australia | AQ15: NA | AR15: Bengali (C2); Tigrinya (B2) | AS15: Buddhist | AT15: Arts, Media & Design | AU15: Cleaner | AV15: NA - Tutor | AW15: Gardening; Cooking; Walking | AX15: NA - Tutor | AY15: NA - RELT Member Verified | AZ15: Yes | BA15: Ibrahim Baker | BB15: Friend | BC15: rania.brown513@example.com | BD15: Yes | BE15: WWC6202636E | BF15: 46758 | BG15: No | BH15: Adults Only | BI15: Tasmania University (including the Law Society) | BJ15: NUICH Curtis | BK15: ZULMAN Levi | BL15: Synthetic test record. | BN15: =TRIM(IF(AND($H15="Student",$J15="ADM-ACT-MAT-CNE"),"Invalid: Student cannot be CNE. ","")&IF(AND($H15="Student",ISNUMBER($O15)),"Check: capacity set for a Student. ","")&IF(AND(LEFT($J15,11)="ADM-ACT-MAT",$P15=0),"Check: matched status but 0 active pairings. ","")&IF(AND($H15="Tutor",ISNUMBER($O15),$P15>$O15),"Check: pairings exceed capacity. ","")&IF(AND($BH15="Everyone",NOT(AND($BD15="Yes",$BG15="Yes"))),"Check: approved to tutor children but WWCC not provided/confirmed. ","")&IF(AND($P15>0,NOT(AND(OR(LEFT($AY15,3)="Yes",LEFT($AY15,2)="NA"),OR(LEFT($AZ15,3)="Yes",LEFT($AZ15,2)="NA")))),"Matched but vetting incomplete (interview/reference). ","")&IF(COUNTIF($B$3:$B$600,$B15)>1,"Duplicate participant name. ","")) | BO15: S-O-00004 | BP15: =IFERROR(VLOOKUP(BO15,$A:$B,2,FALSE),"") | BQ15: 45442 | BS15: 2 | BT15: KNIJNIK Marina | BU15: S-N-00005 | BV15: =IFERROR(VLOOKUP(BU15,$A:$B,2,FALSE),"") | BW15: 45780 | BY15: 1 | BZ15: SINGH Veera | CA15: S-N-00007 | CB15: =IFERROR(VLOOKUP(CA15,$A:$B,2,FALSE),"") | CC15: 45826 | CD15: 46018 | CE15: 1.5 | CF15: NUICH Curtis | CS15: =IF(LEFT($J15,3)="ERR",0,1) | CT15: =IF(LEFT($J15,3)="ADM",1,0) | CU15: =IF(OR($J15="ADM-ACT-MAT-CNE",$J15="ADM-ACT-MAT-CE",$J15="ADM-INACT-M&T"),1,0) | CV15: =IF(AND(CU15=1,ISNUMBER(M15),ISNUMBER(I15)),M15-I15,"") | CW15: =IF(ISNUMBER(I15),TODAY()-I15,"") | CX15: =IF(ISNUMBER(I15),DATE(YEAR(I15),MONTH(I15),1),"") | CY15: =IFERROR(DATEDIF(AK15,TODAY(),"y"),"") | CZ15: =IF(CY15="","",IF(CY15<28,"18-27",IF(CY15<38,"28-37",IF(CY15<48,"38-47",IF(CY15<58,"48-57",IF(CY15<68,"58-67",IF(CY15<78,"68-77","78+")))))) | DA15: =IF(AND(BQ15<>"",BR15=""),N(BS15),0)+IF(AND(BW15<>"",BX15=""),N(BY15),0)+IF(AND(CC15<>"",CD15=""),N(CE15),0)+IF(AND(CI15<>"",CJ15=""),N(CK15),0)+IF(AND(CO15<>"",CP15=""),N(CQ15),0) | DB15: =ROUND(IF(BQ15<>"",N(BS15)*MAX(0,((IF(BR15="",TODAY(),BR15))-BQ15)/7),0)+IF(BW15<>"",N(BY15)*MAX(0,((IF(BX15="",TODAY(),BX15))-BW15)/7),0)+IF(CC15<>"",N(CE15)*MAX(0,((IF(CD15="",TODAY(),CD15))-CC15)/7),0)+IF(CI15<>"",N(CK15)*MAX(0,((IF(CJ15="",TODAY(),CJ15))-CI15)/7),0)+IF(CO15<>"",N(CQ15)*MAX(0,((IF(CP15="",TODAY(),CP15))-CO15)/7),0),1) | DC15: =IF(OR(TRIM(X15)="",TRIM(X15)="NA;",TRIM(X15)="NA"),0,1) | DD15: =IF(OR(TRIM(Y15)="",TRIM(Y15)="NA;",TRIM(Y15)="NA"),0,1) | DE15: =IF(OR(TRIM(Z15)="",TRIM(Z15)="NA;",TRIM(Z15)="NA"),0,1) | DF15: =IF(OR(TRIM(AA15)="",TRIM(AA15)="NA;",TRIM(AA15)="NA"),0,1) | DG15: =IF(OR(TRIM(AB15)="",TRIM(AB15)="NA;",TRIM(AB15)="NA"),0,1) | DH15: =IF(OR(TRIM(AC15)="",TRIM(AC15)="NA;",TRIM(AC15)="NA"),0,1) | DI15: =IF(OR(TRIM(AD15)="",TRIM(AD15)="NA;",TRIM(AD15)="NA"),0,1) | DJ15: =TRIM(IF(DC15=1,"Mon ","")&IF(DD15=1,"Tue ","")&IF(DE15=1,"Wed ","")&IF(DF15=1,"Thu ","")&IF(DG15=1,"Fri ","")&IF(DH15=1,"Sat ","")&IF(DI15=1,"Sun ",""))
A16: T-O-00014 | B16: Chloe Wright | C16: chloe.wright14@example.com | D16: +61 441 872 251 | E16: Pedro Wilson | F16: +61 471 776 246 | G16: Caseworker | H16: Tutor | I16: 45385 | J16: ADM-ACT-MAT-CE | K16: =IFERROR(VLOOKUP(J16,'(A) Introduction'!$B$35:$C$45,2,FALSE),"") | L16: No | O16: 1 | P16: =IF($H16="Tutor",((BQ16<>"")*(BR16=""))+((BW16<>"")*(BX16=""))+((CC16<>"")*(CD16=""))+((CI16<>"")*(CJ16=""))+((CO16<>"")*(CP16="")),SUMPRODUCT(--($BO$3:$BO$202=$A16),--($BR$3:$BR$202=""))+SUMPRODUCT(--($BU$3:$BU$202=$A16),--($BX$3:$BX$202=""))+SUMPRODUCT(--($CA$3:$CA$202=$A16),--($CD$3:$CD$202=""))+SUMPRODUCT(--($CG$3:$CG$202=$A16),--($CJ$3:$CJ$202=""))+SUMPRODUCT(--($CM$3:$CM$202=$A16),--($CP$3:$CP$202=""))) | Q16: =IF($H16="Tutor",(BQ16<>"")+(BW16<>"")+(CC16<>"")+(CI16<>"")+(CO16<>""),SUMPRODUCT(--($BO$3:$BO$202=$A16))+SUMPRODUCT(--($BU$3:$BU$202=$A16))+SUMPRODUCT(--($CA$3:$CA$202=$A16))+SUMPRODUCT(--($CG$3:$CG$202=$A16))+SUMPRODUCT(--($CM$3:$CM$202=$A16))) | R16: =IF($H16="Tutor",TRIM(IF(AND(BQ16<>"",BR16=""),BP16&"; ","")&IF(AND(BW16<>"",BX16=""),BV16&"; ","")&IF(AND(CC16<>"",CD16=""),CB16&"; ","")&IF(AND(CI16<>"",CJ16=""),CH16&"; ","")&IF(AND(CO16<>"",CP16=""),CN16&"; ","")),IFERROR(INDEX($A$3:$B$202,(SUMPRODUCT(($BO$3:$BO$202=$A16)*($BR$3:$BR$202="")*ROW($BO$3:$BO$202))+SUMPRODUCT(($BU$3:$BU$202=$A16)*($BX$3:$BX$202="")*ROW($BU$3:$BU$202))+SUMPRODUCT(($CA$3:$CA$202=$A16)*($CD$3:$CD$202="")*ROW($CA$3:$CA$202))+SUMPRODUCT(($CG$3:$CG$202=$A16)*($CJ$3:$CJ$202="")*ROW($CG$3:$CG$202))+SUMPRODUCT(($CM$3:$CM$202=$A16)*($CP$3:$CP$202="")*ROW($CM$3:$CM$202)))-2,2),"")) | S16: Not Provided | V16: 45950 | W16: AEDT (UTC+11) | X16: 12pm-3pm; | Y16: 6pm-9pm; | Z16: 12pm-3pm;6pm-9pm; | AA16: 6am-9am;9am-12pm; | AB16: NA; | AC16: 6pm-9pm; | AD16: 6am-9am;9am-12pm; | AE16: Online | AF16: NA - Tutor | AG16: Australia | AH16: New South Wales | AI16: Doonside | AJ16: 2767 | AK16: 30635 | AL16: Female | AM16: NA | AN16: NA - Tutor | AO16: High | AP16: Russia | AQ16: NA | AR16: Somali (C2) | AS16: Buddhist | AT16: Health & Medicine | AU16: Aged Care Worker | AV16: NA - Tutor | AW16: Reading; Politics; Music | AX16: NA - Tutor | AY16: NA - Partner Organisation Verified | AZ16: Yes | BA16: Viktor Wilson | BB16: Friend | BC16: layla.garcia514@example.com | BD16: Pending | BG16: No | BH16: Adults Only | BI16: Ayelet | BJ16: HERVIR Oliver | BK16: ZULMAN Levi | BL16: Synthetic test record. | BN16: =TRIM(IF(AND($H16="Student",$J16="ADM-ACT-MAT-CNE"),"Invalid: Student cannot be CNE. ","")&IF(AND($H16="Student",ISNUMBER($O16)),"Check: capacity set for a Student. ","")&IF(AND(LEFT($J16,11)="ADM-ACT-MAT",$P16=0),"Check: matched status but 0 active pairings. ","")&IF(AND($H16="Tutor",ISNUMBER($O16),$P16>$O16),"Check: pairings exceed capacity. ","")&IF(AND($BH16="Everyone",NOT(AND($BD16="Yes",$BG16="Yes"))),"Check: approved to tutor children but WWCC not provided/confirmed. ","")&IF(AND($P16>0,NOT(AND(OR(LEFT($AY16,3)="Yes",LEFT($AY16,2)="NA"),OR(LEFT($AZ16,3)="Yes",LEFT($AZ16,2)="NA")))),"Matched but vetting incomplete (interview/reference). ","")&IF(COUNTIF($B$3:$B$600,$B16)>1,"Duplicate participant name. ","")) | BO16: S-N-00016 | BP16: =IFERROR(VLOOKUP(BO16,$A:$B,2,FALSE),"") | BQ16: 45874 | BS16: 1 | BT16: AGARWAL Akanksha | CS16: =IF(LEFT($J16,3)="ERR",0,1) | CT16: =IF(LEFT($J16,3)="ADM",1,0) | CU16: =IF(OR($J16="ADM-ACT-MAT-CNE",$J16="ADM-ACT-MAT-CE",$J16="ADM-INACT-M&T"),1,0) | CV16: =IF(AND(CU16=1,ISNUMBER(M16),ISNUMBER(I16)),M16-I16,"") | CW16: =IF(ISNUMBER(I16),TODAY()-I16,"") | CX16: =IF(ISNUMBER(I16),DATE(YEAR(I16),MONTH(I16),1),"") | CY16: =IFERROR(DATEDIF(AK16,TODAY(),"y"),"") | CZ16: =IF(CY16="","",IF(CY16<28,"18-27",IF(CY16<38,"28-37",IF(CY16<48,"38-47",IF(CY16<58,"48-57",IF(CY16<68,"58-67",IF(CY16<78,"68-77","78+")))))) | DA16: =IF(AND(BQ16<>"",BR16=""),N(BS16),0)+IF(AND(BW16<>"",BX16=""),N(BY16),0)+IF(AND(CC16<>"",CD16=""),N(CE16),0)+IF(AND(CI16<>"",CJ16=""),N(CK16),0)+IF(AND(CO16<>"",CP16=""),N(CQ16),0) | DB16: =ROUND(IF(BQ16<>"",N(BS16)*MAX(0,((IF(BR16="",TODAY(),BR16))-BQ16)/7),0)+IF(BW16<>"",N(BY16)*MAX(0,((IF(BX16="",TODAY(),BX16))-BW16)/7),0)+IF(CC16<>"",N(CE16)*MAX(0,((IF(CD16="",TODAY(),CD16))-CC16)/7),0)+IF(CI16<>"",N(CK16)*MAX(0,((IF(CJ16="",TODAY(),CJ16))-CI16)/7),0)+IF(CO16<>"",N(CQ16)*MAX(0,((IF(CP16="",TODAY(),CP16))-CO16)/7),0),1) | DC16: =IF(OR(TRIM(X16)="",TRIM(X16)="NA;",TRIM(X16)="NA"),0,1) | DD16: =IF(OR(TRIM(Y16)="",TRIM(Y16)="NA;",TRIM(Y16)="NA"),0,1) | DE16: =IF(OR(TRIM(Z16)="",TRIM(Z16)="NA;",TRIM(Z16)="NA"),0,1) | DF16: =IF(OR(TRIM(AA16)="",TRIM(AA16)="NA;",TRIM(AA16)="NA"),0,1) | DG16: =IF(OR(TRIM(AB16)="",TRIM(AB16)="NA;",TRIM(AB16)="NA"),0,1) | DH16: =IF(OR(TRIM(AC16)="",TRIM(AC16)="NA;",TRIM(AC16)="NA"),0,1) | DI16: =IF(OR(TRIM(AD16)="",TRIM(AD16)="NA;",TRIM(AD16)="NA"),0,1) | DJ16: =TRIM(IF(DC16=1,"Mon ","")&IF(DD16=1,"Tue ","")&IF(DE16=1,"Wed ","")&IF(DF16=1,"Thu ","")&IF(DG16=1,"Fri ","")&IF(DH16=1,"Sat ","")&IF(DI16=1,"Sun ",""))
A17: T-O-00015 | B17: Anya Lopez | C17: anya.lopez15@example.com | D17: +61 488 249 313 | E17: Peter Walker | F17: +61 476 289 102 | G17: Parent | H17: Tutor | I17: 45390 | J17: ADM-INACT-NOM&T | K17: =IFERROR(VLOOKUP(J17,'(A) Introduction'!$B$35:$C$45,2,FALSE),"") | L17: No | O17: 3 | P17: =IF($H17="Tutor",((BQ17<>"")*(BR17=""))+((BW17<>"")*(BX17=""))+((CC17<>"")*(CD17=""))+((CI17<>"")*(CJ17=""))+((CO17<>"")*(CP17="")),SUMPRODUCT(--($BO$3:$BO$202=$A17),--($BR$3:$BR$202=""))+SUMPRODUCT(--($BU$3:$BU$202=$A17),--($BX$3:$BX$202=""))+SUMPRODUCT(--($CA$3:$CA$202=$A17),--($CD$3:$CD$202=""))+SUMPRODUCT(--($CG$3:$CG$202=$A17),--($CJ$3:$CJ$202=""))+SUMPRODUCT(--($CM$3:$CM$202=$A17),--($CP$3:$CP$202=""))) | Q17: =IF($H17="Tutor",(BQ17<>"")+(BW17<>"")+(CC17<>"")+(CI17<>"")+(CO17<>""),SUMPRODUCT(--($BO$3:$BO$202=$A17))+SUMPRODUCT(--($BU$3:$BU$202=$A17))+SUMPRODUCT(--($CA$3:$CA$202=$A17))+SUMPRODUCT(--($CG$3:$CG$202=$A17))+SUMPRODUCT(--($CM$3:$CM$202=$A17))) | R17: =IF($H17="Tutor",TRIM(IF(AND(BQ17<>"",BR17=""),BP17&"; ","")&IF(AND(BW17<>"",BX17=""),BV17&"; ","")&IF(AND(CC17<>"",CD17=""),CB17&"; ","")&IF(AND(CI17<>"",CJ17=""),CH17&"; ","")&IF(AND(CO17<>"",CP17=""),CN17&"; ","")),IFERROR(INDEX($A$3:$B$202,(SUMPRODUCT(($BO$3:$BO$202=$A17)*($BR$3:$BR$202="")*ROW($BO$3:$BO$202))+SUMPRODUCT(($BU$3:$BU$202=$A17)*($BX$3:$BX$202="")*ROW($BU$3:$BU$202))+SUMPRODUCT(($CA$3:$CA$202=$A17)*($CD$3:$CD$202="")*ROW($CA$3:$CA$202))+SUMPRODUCT(($CG$3:$CG$202=$A17)*($CJ$3:$CJ$202="")*ROW($CG$3:$CG$202))+SUMPRODUCT(($CM$3:$CM$202=$A17)*($CP$3:$CP$202="")*ROW($CM$3:$CM$202)))-2,2),"")) | S17: Not Provided | V17: 45472 | W17: AEDT (UTC+11) | X17: 9am-12pm;12pm-3pm;3pm-6pm; | Y17: 9am-12pm;12pm-3pm;3pm-6pm; | Z17: 6am-9am;9am-12pm; | AA17: 12pm-3pm;6pm-9pm; | AB17: 9am-12pm;12pm-3pm;3pm-6pm; | AC17: 6am-9am;9am-12pm; | AD17: 6am-9am;9am-12pm; | AE17: Either | AF17: NA - Tutor | AG17: Australia | AH17: New South Wales | AI17: Marrickville | AJ17: 2204 | AK17: 30081 | AL17: Male | AM17: NA | AN17: NA - Tutor | AO17: High | AP17: Russia | AQ17: NA | AR17: Pashto (C2) | AS17: Christian (Orthodox) | AT17: Business & Finance | AU17: Student | AV17: NA - Tutor | AW17: Language learning; Self-development | AX17: NA - Tutor | AY17: Yes | AZ17: Yes | BA17: Anya Lopez | BB17: Academic Referee | BC17: yusuf.bourne515@example.com | BD17: Yes | BE17: WWC2612483V | BF17: 47072 | BG17: Yes | BH17: Everyone | BI17: Supporting Asylum Seekers Sydney | BJ17: KNIJNIK Marina | BK17: ZULMAN Levi | BL17: Synthetic test record. | BN17: =TRIM(IF(AND($H17="Student",$J17="ADM-ACT-MAT-CNE"),"Invalid: Student cannot be CNE. ","")&IF(AND($H17="Student",ISNUMBER($O17)),"Check: capacity set for a Student. ","")&IF(AND(LEFT($J17,11)="ADM-ACT-MAT",$P17=0),"Check: matched status but 0 active pairings. ","")&IF(AND($H17="Tutor",ISNUMBER($O17),$P17>$O17),"Check: pairings exceed capacity. ","")&IF(AND($BH17="Everyone",NOT(AND($BD17="Yes",$BG17="Yes"))),"Check: approved to tutor children but WWCC not provided/confirmed. ","")&IF(AND($P17>0,NOT(AND(OR(LEFT($AY17,3)="Yes",LEFT($AY17,2)="NA"),OR(LEFT($AZ17,3)="Yes",LEFT($AZ17,2)="NA")))),"Matched but vetting incomplete (interview/reference). ","")&IF(COUNTIF($B$3:$B$600,$B17)>1,"Duplicate participant name. ","")) | CS17: =IF(LEFT($J17,3)="ERR",0,1) | CT17: =IF(LEFT($J17,3)="ADM",1,0) | CU17: =IF(OR($J17="ADM-ACT-MAT-CNE",$J17="ADM-ACT-MAT-CE",$J17="ADM-INACT-M&T"),1,0) | CV17: =IF(AND(CU17=1,ISNUMBER(M17),ISNUMBER(I17)),M17-I17,"") | CW17: =IF(ISNUMBER(I17),TODAY()-I17,"") | CX17: =IF(ISNUMBER(I17),DATE(YEAR(I17),MONTH(I17),1),"") | CY17: =IFERROR(DATEDIF(AK17,TODAY(),"y"),"") | CZ17: =IF(CY17="","",IF(CY17<28,"18-27",IF(CY17<38,"28-37",IF(CY17<48,"38-47",IF(CY17<58,"48-57",IF(CY17<68,"58-67",IF(CY17<78,"68-77","78+")))))) | DA17: =IF(AND(BQ17<>"",BR17=""),N(BS17),0)+IF(AND(BW17<>"",BX17=""),N(BY17),0)+IF(AND(CC17<>"",CD17=""),N(CE17),0)+IF(AND(CI17<>"",CJ17=""),N(CK17),0)+IF(AND(CO17<>"",CP17=""),N(CQ17),0) | DB17: =ROUND(IF(BQ17<>"",N(BS17)*MAX(0,((IF(BR17="",TODAY(),BR17))-BQ17)/7),0)+IF(BW17<>"",N(BY17)*MAX(0,((IF(BX17="",TODAY(),BX17))-BW17)/7),0)+IF(CC17<>"",N(CE17)*MAX(0,((IF(CD17="",TODAY(),CD17))-CC17)/7),0)+IF(CI17<>"",N(CK17)*MAX(0,((IF(CJ17="",TODAY(),CJ17))-CI17)/7),0)+IF(CO17<>"",N(CQ17)*MAX(0,((IF(CP17="",TODAY(),CP17))-CO17)/7),0),1) | DC17: =IF(OR(TRIM(X17)="",TRIM(X17)="NA;",TRIM(X17)="NA"),0,1) | DD17: =IF(OR(TRIM(Y17)="",TRIM(Y17)="NA;",TRIM(Y17)="NA"),0,1) | DE17: =IF(OR(TRIM(Z17)="",TRIM(Z17)="NA;",TRIM(Z17)="NA"),0,1) | DF17: =IF(OR(TRIM(AA17)="",TRIM(AA17)="NA;",TRIM(AA17)="NA"),0,1) | DG17: =IF(OR(TRIM(AB17)="",TRIM(AB17)="NA;",TRIM(AB17)="NA"),0,1) | DH17: =IF(OR(TRIM(AC17)="",TRIM(AC17)="NA;",TRIM(AC17)="NA"),0,1) | DI17: =IF(OR(TRIM(AD17)="",TRIM(AD17)="NA;",TRIM(AD17)="NA"),0,1) | DJ17: =TRIM(IF(DC17=1,"Mon ","")&IF(DD17=1,"Tue ","")&IF(DE17=1,"Wed ","")&IF(DF17=1,"Thu ","")&IF(DG17=1,"Fri ","")&IF(DH17=1,"Sat ","")&IF(DI17=1,"Sun ",""))
A18: T-O-00016 | B18: Amir Hall | C18: amir.hall16@example.com | D18: +61 435 046 997 | E18: Grace Bourne | F18: +61 410 254 121 | G18: Friend | H18: Tutor | I18: 45391 | J18: ADM-ACT-UNMAT | K18: =IFERROR(VLOOKUP(J18,'(A) Introduction'!$B$35:$C$45,2,FALSE),"") | L18: No | O18: 1 | P18: =IF($H18="Tutor",((BQ18<>"")*(BR18=""))+((BW18<>"")*(BX18=""))+((CC18<>"")*(CD18=""))+((CI18<>"")*(CJ18=""))+((CO18<>"")*(CP18="")),SUMPRODUCT(--($BO$3:$BO$202=$A18),--($BR$3:$BR$202=""))+SUMPRODUCT(--($BU$3:$BU$202=$A18),--($BX$3:$BX$202=""))+SUMPRODUCT(--($CA$3:$CA$202=$A18),--($CD$3:$CD$202=""))+SUMPRODUCT(--($CG$3:$CG$202=$A18),--($CJ$3:$CJ$202=""))+SUMPRODUCT(--($CM$3:$CM$202=$A18),--($CP$3:$CP$202=""))) | Q18: =IF($H18="Tutor",(BQ18<>"")+(BW18<>"")+(CC18<>"")+(CI18<>"")+(CO18<>""),SUMPRODUCT(--($BO$3:$BO$202=$A18))+SUMPRODUCT(--($BU$3:$BU$202=$A18))+SUMPRODUCT(--($CA$3:$CA$202=$A18))+SUMPRODUCT(--($CG$3:$CG$202=$A18))+SUMPRODUCT(--($CM$3:$CM$202=$A18))) | R18: =IF($H18="Tutor",TRIM(IF(AND(BQ18<>"",BR18=""),BP18&"; ","")&IF(AND(BW18<>"",BX18=""),BV18&"; ","")&IF(AND(CC18<>"",CD18=""),CB18&"; ","")&IF(AND(CI18<>"",CJ18=""),CH18&"; ","")&IF(AND(CO18<>"",CP18=""),CN18&"; ","")),IFERROR(INDEX($A$3:$B$202,(SUMPRODUCT(($BO$3:$BO$202=$A18)*($BR$3:$BR$202="")*ROW($BO$3:$BO$202))+SUMPRODUCT(($BU$3:$BU$202=$A18)*($BX$3:$BX$202="")*ROW($BU$3:$BU$202))+SUMPRODUCT(($CA$3:$CA$202=$A18)*($CD$3:$CD$202="")*ROW($CA$3:$CA$202))+SUMPRODUCT(($CG$3:$CG$202=$A18)*($CJ$3:$CJ$202="")*ROW($CG$3:$CG$202))+SUMPRODUCT(($CM$3:$CM$202=$A18)*($CP$3:$CP$202="")*ROW($CM$3:$CM$202)))-2,2),"")) | S18: NA | V18: 46181 | W18: AEST (UTC+10) | X18: 9am-12pm; | Y18: 6pm-9pm; | Z18: 6pm-9pm; | AA18: NA; | AB18: 3pm-6pm; | AC18: 6pm-9pm; | AD18: 6pm-9pm; | AE18: In-Person | AF18: NA - Tutor | AG18: Australia | AH18: New South Wales | AI18: Kogarah | AJ18: 2217 | AK18: 28229 | AL18: Female | AM18: NA | AN18: NA - Tutor | AO18: Low | AP18: Russia | AQ18: NA | AR18: Arabic (C2) | AS18: NA | AT18: Business & Finance | AU18: Teacher | AV18: NA - Tutor | AW18: Art; Photography; Travel | AX18: NA - Tutor | AY18: NA - RELT Member Verified | AZ18: Yes | BA18: Ava Levi | BB18: Manager | BC18: luke.walker516@example.com | BD18: Pending | BG18: No | BH18: Adults Only | BI18: Asylum Seeker Resource Centre | BJ18: HALLORAN Isobel | BK18: HALLORAN Isobel | BL18: Synthetic test record. | BN18: =TRIM(IF(AND($H18="Student",$J18="ADM-ACT-MAT-CNE"),"Invalid: Student cannot be CNE. ","")&IF(AND($H18="Student",ISNUMBER($O18)),"Check: capacity set for a Student. ","")&IF(AND(LEFT($J18,11)="ADM-ACT-MAT",$P18=0),"Check: matched status but 0 active pairings. ","")&IF(AND($H18="Tutor",ISNUMBER($O18),$P18>$O18),"Check: pairings exceed capacity. ","")&IF(AND($BH18="Everyone",NOT(AND($BD18="Yes",$BG18="Yes"))),"Check: approved to tutor children but WWCC not provided/confirmed. ","")&IF(AND($P18>0,NOT(AND(OR(LEFT($AY18,3)="Yes",LEFT($AY18,2)="NA"),OR(LEFT($AZ18,3)="Yes",LEFT($AZ18,2)="NA")))),"Matched but vetting incomplete (interview/reference). ","")&IF(COUNTIF($B$3:$B$600,$B18)>1,"Duplicate participant name. ","")) | CS18: =IF(LEFT($J18,3)="ERR",0,1) | CT18: =IF(LEFT($J18,3)="ADM",1,0) | CU18: =IF(OR($J18="ADM-ACT-MAT-CNE",$J18="ADM-ACT-MAT-CE",$J18="ADM-INACT-M&T"),1,0) | CV18: =IF(AND(CU18=1,ISNUMBER(M18),ISNUMBER(I18)),M18-I18,"") | CW18: =IF(ISNUMBER(I18),TODAY()-I18,"") | CX18: =IF(ISNUMBER(I18),DATE(YEAR(I18),MONTH(I18),1),"") | CY18: =IFERROR(DATEDIF(AK18,TODAY(),"y"),"") | CZ18: =IF(CY18="","",IF(CY18<28,"18-27",IF(CY18<38,"28-37",IF(CY18<48,"38-47",IF(CY18<58,"48-57",IF(CY18<68,"58-67",IF(CY18<78,"68-77","78+")))))) | DA18: =IF(AND(BQ18<>"",BR18=""),N(BS18),0)+IF(AND(BW18<>"",BX18=""),N(BY18),0)+IF(AND(CC18<>"",CD18=""),N(CE18),0)+IF(AND(CI18<>"",CJ18=""),N(CK18),0)+IF(AND(CO18<>"",CP18=""),N(CQ18),0) | DB18: =ROUND(IF(BQ18<>"",N(BS18)*MAX(0,((IF(BR18="",TODAY(),BR18))-BQ18)/7),0)+IF(BW18<>"",N(BY18)*MAX(0,((IF(BX18="",TODAY(),BX18))-BW18)/7),0)+IF(CC18<>"",N(CE18)*MAX(0,((IF(CD18="",TODAY(),CD18))-CC18)/7),0)+IF(CI18<>"",N(CK18)*MAX(0,((IF(CJ18="",TODAY(),CJ18))-CI18)/7),0)+IF(CO18<>"",N(CQ18)*MAX(0,((IF(CP18="",TODAY(),CP18))-CO18)/7),0),1) | DC18: =IF(OR(TRIM(X18)="",TRIM(X18)="NA;",TRIM(X18)="NA"),0,1) | DD18: =IF(OR(TRIM(Y18)="",TRIM(Y18)="NA;",TRIM(Y18)="NA"),0,1) | DE18: =IF(OR(TRIM(Z18)="",TRIM(Z18)="NA;",TRIM(Z18)="NA"),0,1) | DF18: =IF(OR(TRIM(AA18)="",TRIM(AA18)="NA;",TRIM(AA18)="NA"),0,1) | DG18: =IF(OR(TRIM(AB18)="",TRIM(AB18)="NA;",TRIM(AB18)="NA"),0,1) | DH18: =IF(OR(TRIM(AC18)="",TRIM(AC18)="NA;",TRIM(AC18)="NA"),0,1) | DI18: =IF(OR(TRIM(AD18)="",TRIM(AD18)="NA;",TRIM(AD18)="NA"),0,1) | DJ18: =TRIM(IF(DC18=1,"Mon ","")&IF(DD18=1,"Tue ","")&IF(DE18=1,"Wed ","")&IF(DF18=1,"Thu ","")&IF(DG18=1,"Fri ","")&IF(DH18=1,"Sat ","")&IF(DI18=1,"Sun ",""))
A19: T-O-00017 | B19: Tariq Smith | C19: tariq.smith17@example.com | D19: +61 438 880 602 | E19: Lina Wright | F19: +61 484 823 956 | G19: Parent | H19: Tutor | I19: 45395 | J19: NADM-REJ-UNSUIT | K19: =IFERROR(VLOOKUP(J19,'(A) Introduction'!$B$35:$C$45,2,FALSE),"") | L19: No | O19: 2 | P19: =IF($H19="Tutor",((BQ19<>"")*(BR19=""))+((BW19<>"")*(BX19=""))+((CC19<>"")*(CD19=""))+((CI19<>"")*(CJ19=""))+((CO19<>"")*(CP19="")),SUMPRODUCT(--($BO$3:$BO$202=$A19),--($BR$3:$BR$202=""))+SUMPRODUCT(--($BU$3:$BU$202=$A19),--($BX$3:$BX$202=""))+SUMPRODUCT(--($CA$3:$CA$202=$A19),--($CD$3:$CD$202=""))+SUMPRODUCT(--($CG$3:$CG$202=$A19),--($CJ$3:$CJ$202=""))+SUMPRODUCT(--($CM$3:$CM$202=$A19),--($CP$3:$CP$202=""))) | Q19: =IF($H19="Tutor",(BQ19<>"")+(BW19<>"")+(CC19<>"")+(CI19<>"")+(CO19<>""),SUMPRODUCT(--($BO$3:$BO$202=$A19))+SUMPRODUCT(--($BU$3:$BU$202=$A19))+SUMPRODUCT(--($CA$3:$CA$202=$A19))+SUMPRODUCT(--($CG$3:$CG$202=$A19))+SUMPRODUCT(--($CM$3:$CM$202=$A19))) | R19: =IF($H19="Tutor",TRIM(IF(AND(BQ19<>"",BR19=""),BP19&"; ","")&IF(AND(BW19<>"",BX19=""),BV19&"; ","")&IF(AND(CC19<>"",CD19=""),CB19&"; ","")&IF(AND(CI19<>"",CJ19=""),CH19&"; ","")&IF(AND(CO19<>"",CP19=""),CN19&"; ","")),IFERROR(INDEX($A$3:$B$202,(SUMPRODUCT(($BO$3:$BO$202=$A19)*($BR$3:$BR$202="")*ROW($BO$3:$BO$202))+SUMPRODUCT(($BU$3:$BU$202=$A19)*($BX$3:$BX$202="")*ROW($BU$3:$BU$202))+SUMPRODUCT(($CA$3:$CA$202=$A19)*($CD$3:$CD$202="")*ROW($CA$3:$CA$202))+SUMPRODUCT(($CG$3:$CG$202=$A19)*($CJ$3:$CJ$202="")*ROW($CG$3:$CG$202))+SUMPRODUCT(($CM$3:$CM$202=$A19)*($CP$3:$CP$202="")*ROW($CM$3:$CM$202)))-2,2),"")) | S19: Not Provided | W19: ACST (UTC+9:30) | X19: NA; | Y19: 6pm-9pm; | Z19: 12pm-3pm; | AA19: 12pm-3pm; | AB19: 3pm-6pm; | AC19: 6pm-9pm; | AD19: 9am-12pm; | AE19: Online | AF19: NA - Tutor | AG19: Australia | AH19: New South Wales | AI19: Blacktown | AJ19: 2148 | AK19: 25494 | AL19: Other | AM19: NA | AN19: NA - Tutor | AO19: Low | AP19: Australia; Ukraine | AQ19: NA | AR19: English (C2) | AS19: NA | AT19: Health & Medicine | AU19: Engineer | AV19: NA - Tutor | AW19: Travel; Sport; Movies | AX19: NA - Tutor | AY19: NA - Partner Organisation Verified | AZ19: No | BA19: Nour Khan | BB19: Manager | BC19: james.petrov517@example.com | BD19: Pending | BG19: No | BH19: Adults Only | BI19: Ayelet | BJ19: THET Moh Moh | BK19: HERVIR Oliver | BL19: Synthetic test record. | BN19: =TRIM(IF(AND($H19="Student",$J19="ADM-ACT-MAT-CNE"),"Invalid: Student cannot be CNE. ","")&IF(AND($H19="Student",ISNUMBER($O19)),"Check: capacity set for a Student. ","")&IF(AND(LEFT($J19,11)="ADM-ACT-MAT",$P19=0),"Check: matched status but 0 active pairings. ","")&IF(AND($H19="Tutor",ISNUMBER($O19),$P19>$O19),"Check: pairings exceed capacity. ","")&IF(AND($BH19="Everyone",NOT(AND($BD19="Yes",$BG19="Yes"))),"Check: approved to tutor children but WWCC not provided/confirmed. ","")&IF(AND($P19>0,NOT(AND(OR(LEFT($AY19,3)="Yes",LEFT($AY19,2)="NA"),OR(LEFT($AZ19,3)="Yes",LEFT($AZ19,2)="NA")))),"Matched but vetting incomplete (interview/reference). ","")&IF(COUNTIF($B$3:$B$600,$B19)>1,"Duplicate participant name. ","")) | CS19: =IF(LEFT($J19,3)="ERR",0,1) | CT19: =IF(LEFT($J19,3)="ADM",1,0) | CU19: =IF(OR($J19="ADM-ACT-MAT-CNE",$J19="ADM-ACT-MAT-CE",$J19="ADM-INACT-M&T"),1,0) | CV19: =IF(AND(CU19=1,ISNUMBER(M19),ISNUMBER(I19)),M19-I19,"") | CW19: =IF(ISNUMBER(I19),TODAY()-I19,"") | CX19: =IF(ISNUMBER(I19),DATE(YEAR(I19),MONTH(I19),1),"") | CY19: =IFERROR(DATEDIF(AK19,TODAY(),"y"),"") | CZ19: =IF(CY19="","",IF(CY19<28,"18-27",IF(CY19<38,"28-37",IF(CY19<48,"38-47",IF(CY19<58,"48-57",IF(CY19<68,"58-67",IF(CY19<78,"68-77","78+")))))) | DA19: =IF(AND(BQ19<>"",BR19=""),N(BS19),0)+IF(AND(BW19<>"",BX19=""),N(BY19),0)+IF(AND(CC19<>"",CD19=""),N(CE19),0)+IF(AND(CI19<>"",CJ19=""),N(CK19),0)+IF(AND(CO19<>"",CP19=""),N(CQ19),0) | DB19: =ROUND(IF(BQ19<>"",N(BS19)*MAX(0,((IF(BR19="",TODAY(),BR19))-BQ19)/7),0)+IF(BW19<>"",N(BY19)*MAX(0,((IF(BX19="",TODAY(),BX19))-BW19)/7),0)+IF(CC19<>"",N(CE19)*MAX(0,((IF(CD19="",TODAY(),CD19))-CC19)/7),0)+IF(CI19<>"",N(CK19)*MAX(0,((IF(CJ19="",TODAY(),CJ19))-CI19)/7),0)+IF(CO19<>"",N(CQ19)*MAX(0,((IF(CP19="",TODAY(),CP19))-CO19)/7),0),1) | DC19: =IF(OR(TRIM(X19)="",TRIM(X19)="NA;",TRIM(X19)="NA"),0,1) | DD19: =IF(OR(TRIM(Y19)="",TRIM(Y19)="NA;",TRIM(Y19)="NA"),0,1) | DE19: =IF(OR(TRIM(Z19)="",TRIM(Z19)="NA;",TRIM(Z19)="NA"),0,1) | DF19: =IF(OR(TRIM(AA19)="",TRIM(AA19)="NA;",TRIM(AA19)="NA"),0,1) | DG19: =IF(OR(TRIM(AB19)="",TRIM(AB19)="NA;",TRIM(AB19)="NA"),0,1) | DH19: =IF(OR(TRIM(AC19)="",TRIM(AC19)="NA;",TRIM(AC19)="NA"),0,1) | DI19: =IF(OR(TRIM(AD19)="",TRIM(AD19)="NA;",TRIM(AD19)="NA"),0,1) | DJ19: =TRIM(IF(DC19=1,"Mon ","")&IF(DD19=1,"Tue ","")&IF(DE19=1,"Wed ","")&IF(DF19=1,"Thu ","")&IF(DG19=1,"Fri ","")&IF(DH19=1,"Sat ","")&IF(DI19=1,"Sun ",""))
A20: T-O-00018 | B20: Ibrahim Petrov | C20: ibrahim.petrov18@example.com | D20: +61 407 169 811 | E20: Ava Ng | F20: +61 473 041 781 | G20: Parent | H20: Tutor | I20: 45399 | J20: ADM-ACT-MAT-CE | K20: =IFERROR(VLOOKUP(J20,'(A) Introduction'!$B$35:$C$45,2,FALSE),"") | L20: No | O20: 1 | P20: =IF($H20="Tutor",((BQ20<>"")*(BR20=""))+((BW20<>"")*(BX20=""))+((CC20<>"")*(CD20=""))+((CI20<>"")*(CJ20=""))+((CO20<>"")*(CP20="")),SUMPRODUCT(--($BO$3:$BO$202=$A20),--($BR$3:$BR$202=""))+SUMPRODUCT(--($BU$3:$BU$202=$A20),--($BX$3:$BX$202=""))+SUMPRODUCT(--($CA$3:$CA$202=$A20),--($CD$3:$CD$202=""))+SUMPRODUCT(--($CG$3:$CG$202=$A20),--($CJ$3:$CJ$202=""))+SUMPRODUCT(--($CM$3:$CM$202=$A20),--($CP$3:$CP$202=""))) | Q20: =IF($H20="Tutor",(BQ20<>"")+(BW20<>"")+(CC20<>"")+(CI20<>"")+(CO20<>""),SUMPRODUCT(--($BO$3:$BO$202=$A20))+SUMPRODUCT(--($BU$3:$BU$202=$A20))+SUMPRODUCT(--($CA$3:$CA$202=$A20))+SUMPRODUCT(--($CG$3:$CG$202=$A20))+SUMPRODUCT(--($CM$3:$CM$202=$A20))) | R20: =IF($H20="Tutor",TRIM(IF(AND(BQ20<>"",BR20=""),BP20&"; ","")&IF(AND(BW20<>"",BX20=""),BV20&"; ","")&IF(AND(CC20<>"",CD20=""),CB20&"; ","")&IF(AND(CI20<>"",CJ20=""),CH20&"; ","")&IF(AND(CO20<>"",CP20=""),CN20&"; ","")),IFERROR(INDEX($A$3:$B$202,(SUMPRODUCT(($BO$3:$BO$202=$A20)*($BR$3:$BR$202="")*ROW($BO$3:$BO$202))+SUMPRODUCT(($BU$3:$BU$202=$A20)*($BX$3:$BX$202="")*ROW($BU$3:$BU$202))+SUMPRODUCT(($CA$3:$CA$202=$A20)*($CD$3:$CD$202="")*ROW($CA$3:$CA$202))+SUMPRODUCT(($CG$3:$CG$202=$A20)*($CJ$3:$CJ$202="")*ROW($CG$3:$CG$202))+SUMPRODUCT(($CM$3:$CM$202=$A20)*($CP$3:$CP$202="")*ROW($CM$3:$CM$202)))-2,2),"")) | S20: NA | V20: 45941 | W20: ACDT (UTC+10:30) | X20: 3pm-6pm; | Y20: 6pm-9pm; | Z20: 6pm-9pm; | AA20: 6pm-9pm; | AB20: 3pm-6pm; | AC20: 12pm-3pm;6pm-9pm; | AD20: 3pm-6pm; | AE20: Either | AF20: NA - Tutor | AG20: Australia | AH20: New South Wales | AI20: Parramatta | AJ20: 2150 | AK20: 31494 | AL20: Male | AM20: NA | AN20: NA - Tutor | AO20: Outstanding | AP20: Australia | AQ20: NA | AR20: English (C2) | AS20: Hindu | AT20: Trades & Construction | AU20: Community Worker | AV20: NA - Tutor | AW20: Football; Cooking; Family | AX20: NA - Tutor | AY20: NA - Partner Organisation Verified | AZ20: Yes | BA20: Viktor Walker | BB20: Friend | BC20: ibrahim.ahmed518@example.com | BD20: Yes | BE20: WWC8473283V | BF20: 46998 | BG20: Yes | BH20: Everyone | BI20: University of Western Sydney (including the Law Students' Society) | BJ20: SINGH Veera | BK20: AGARWAL Akanksha | BL20: Synthetic test record. | BN20: =TRIM(IF(AND($H20="Student",$J20="ADM-ACT-MAT-CNE"),"Invalid: Student cannot be CNE. ","")&IF(AND($H20="Student",ISNUMBER($O20)),"Check: capacity set for a Student. ","")&IF(AND(LEFT($J20,11)="ADM-ACT-MAT",$P20=0),"Check: matched status but 0 active pairings. ","")&IF(AND($H20="Tutor",ISNUMBER($O20),$P20>$O20),"Check: pairings exceed capacity. ","")&IF(AND($BH20="Everyone",NOT(AND($BD20="Yes",$BG20="Yes"))),"Check: approved to tutor children but WWCC not provided/confirmed. ","")&IF(AND($P20>0,NOT(AND(OR(LEFT($AY20,3)="Yes",LEFT($AY20,2)="NA"),OR(LEFT($AZ20,3)="Yes",LEFT($AZ20,2)="NA")))),"Matched but vetting incomplete (interview/reference). ","")&IF(COUNTIF($B$3:$B$600,$B20)>1,"Duplicate participant name. ","")) | BO20: S-N-00002 | BP20: =IFERROR(VLOOKUP(BO20,$A:$B,2,FALSE),"") | BQ20: 45735 | BS20: 1.5 | BT20: CROCK Mary | CS20: =IF(LEFT($J20,3)="ERR",0,1) | CT20: =IF(LEFT($J20,3)="ADM",1,0) | CU20: =IF(OR($J20="ADM-ACT-MAT-CNE",$J20="ADM-ACT-MAT-CE",$J20="ADM-INACT-M&T"),1,0) | CV20: =IF(AND(CU20=1,ISNUMBER(M20),ISNUMBER(I20)),M20-I20,"") | CW20: =IF(ISNUMBER(I20),TODAY()-I20,"") | CX20: =IF(ISNUMBER(I20),DATE(YEAR(I20),MONTH(I20),1),"") | CY20: =IFERROR(DATEDIF(AK20,TODAY(),"y"),"") | CZ20: =IF(CY20="","",IF(CY20<28,"18-27",IF(CY20<38,"28-37",IF(CY20<48,"38-47",IF(CY20<58,"48-57",IF(CY20<68,"58-67",IF(CY20<78,"68-77","78+")))))) | DA20: =IF(AND(BQ20<>"",BR20=""),N(BS20),0)+IF(AND(BW20<>"",BX20=""),N(BY20),0)+IF(AND(CC20<>"",CD20=""),N(CE20),0)+IF(AND(CI20<>"",CJ20=""),N(CK20),0)+IF(AND(CO20<>"",CP20=""),N(CQ20),0) | DB20: =ROUND(IF(BQ20<>"",N(BS20)*MAX(0,((IF(BR20="",TODAY(),BR20))-BQ20)/7),0)+IF(BW20<>"",N(BY20)*MAX(0,((IF(BX20="",TODAY(),BX20))-BW20)/7),0)+IF(CC20<>"",N(CE20)*MAX(0,((IF(CD20="",TODAY(),CD20))-CC20)/7),0)+IF(CI20<>"",N(CK20)*MAX(0,((IF(CJ20="",TODAY(),CJ20))-CI20)/7),0)+IF(CO20<>"",N(CQ20)*MAX(0,((IF(CP20="",TODAY(),CP20))-CO20)/7),0),1) | DC20: =IF(OR(TRIM(X20)="",TRIM(X20)="NA;",TRIM(X20)="NA"),0,1) | DD20: =IF(OR(TRIM(Y20)="",TRIM(Y20)="NA;",TRIM(Y20)="NA"),0,1) | DE20: =IF(OR(TRIM(Z20)="",TRIM(Z20)="NA;",TRIM(Z20)="NA"),0,1) | DF20: =IF(OR(TRIM(AA20)="",TRIM(AA20)="NA;",TRIM(AA20)="NA"),0,1) | DG20: =IF(OR(TRIM(AB20)="",TRIM(AB20)="NA;",TRIM(AB20)="NA"),0,1) | DH20: =IF(OR(TRIM(AC20)="",TRIM(AC20)="NA;",TRIM(AC20)="NA"),0,1) | DI20: =IF(OR(TRIM(AD20)="",TRIM(AD20)="NA;",TRIM(AD20)="NA"),0,1) | DJ20: =TRIM(IF(DC20=1,"Mon ","")&IF(DD20=1,"Tue ","")&IF(DE20=1,"Wed ","")&IF(DF20=1,"Thu ","")&IF(DG20=1,"Fri ","")&IF(DH20=1,"Sat ","")&IF(DI20=1,"Sun ",""))
A21: T-O-00019 | B21: Peter Brown | C21: peter.brown19@example.com | D21: +61 411 481 356 | E21: Elena Walker | F21: +61 446 637 774 | G21: Adult Child | H21: Tutor | I21: 45400 | J21: ADM-ACT-MAT-CE | K21: =IFERROR(VLOOKUP(J21,'(A) Introduction'!$B$35:$C$45,2,FALSE),"") | L21: No | O21: 2 | P21: =IF($H21="Tutor",((BQ21<>"")*(BR21=""))+((BW21<>"")*(BX21=""))+((CC21<>"")*(CD21=""))+((CI21<>"")*(CJ21=""))+((CO21<>"")*(CP21="")),SUMPRODUCT(--($BO$3:$BO$202=$A21),--($BR$3:$BR$202=""))+SUMPRODUCT(--($BU$3:$BU$202=$A21),--($BX$3:$BX$202=""))+SUMPRODUCT(--($CA$3:$CA$202=$A21),--($CD$3:$CD$202=""))+SUMPRODUCT(--($CG$3:$CG$202=$A21),--($CJ$3:$CJ$202=""))+SUMPRODUCT(--($CM$3:$CM$202=$A21),--($CP$3:$CP$202=""))) | Q21: =IF($H21="Tutor",(BQ21<>"")+(BW21<>"")+(CC21<>"")+(CI21<>"")+(CO21<>""),SUMPRODUCT(--($BO$3:$BO$202=$A21))+SUMPRODUCT(--($BU$3:$BU$202=$A21))+SUMPRODUCT(--($CA$3:$CA$202=$A21))+SUMPRODUCT(--($CG$3:$CG$202=$A21))+SUMPRODUCT(--($CM$3:$CM$202=$A21))) | R21: =IF($H21="Tutor",TRIM(IF(AND(BQ21<>"",BR21=""),BP21&"; ","")&IF(AND(BW21<>"",BX21=""),BV21&"; ","")&IF(AND(CC21<>"",CD21=""),CB21&"; ","")&IF(AND(CI21<>"",CJ21=""),CH21&"; ","")&IF(AND(CO21<>"",CP21=""),CN21&"; ","")),IFERROR(INDEX($A$3:$B$202,(SUMPRODUCT(($BO$3:$BO$202=$A21)*($BR$3:$BR$202="")*ROW($BO$3:$BO$202))+SUMPRODUCT(($BU$3:$BU$202=$A21)*($BX$3:$BX$202="")*ROW($BU$3:$BU$202))+SUMPRODUCT(($CA$3:$CA$202=$A21)*($CD$3:$CD$202="")*ROW($CA$3:$CA$202))+SUMPRODUCT(($CG$3:$CG$202=$A21)*($CJ$3:$CJ$202="")*ROW($CG$3:$CG$202))+SUMPRODUCT(($CM$3:$CM$202=$A21)*($CP$3:$CP$202="")*ROW($CM$3:$CM$202)))-2,2),"")) | S21: Not Provided | V21: 46045 | W21: AEST (UTC+10) | X21: 6pm-9pm; | Y21: 9am-12pm; | Z21: 6am-9am;9am-12pm; | AA21: 12pm-3pm;6pm-9pm; | AB21: 6pm-9pm; | AC21: 3pm-6pm; | AD21: 12pm-3pm;6pm-9pm; | AE21: Either | AF21: NA - Tutor | AG21: Australia | AH21: Victoria | AI21: Footscray | AJ21: 3011 | AK21: 23248 | AL21: Male | AM21: NA | AN21: NA - Tutor | AO21: Low | AP21: India | AQ21: NA | AR21: English (C2) | AS21: None | AT21: Hospitality & Retail | AU21: Teacher | AV21: NA - Tutor | AW21: Gardening; Cooking; Walking | AX21: NA - Tutor | AY21: NA - RELT Member Verified | AZ21: Yes | BA21: Emily Smith | BB21: Colleague | BC21: carlos.ng519@example.com | BD21: Pending | BG21: No | BH21: Adults Only | BI21: STARTTS | BJ21: MCCRORIE John | BK21: AGARWAL Akanksha | BL21: Synthetic test record. | BN21: =TRIM(IF(AND($H21="Student",$J21="ADM-ACT-MAT-CNE"),"Invalid: Student cannot be CNE. ","")&IF(AND($H21="Student",ISNUMBER($O21)),"Check: capacity set for a Student. ","")&IF(AND(LEFT($J21,11)="ADM-ACT-MAT",$P21=0),"Check: matched status but 0 active pairings. ","")&IF(AND($H21="Tutor",ISNUMBER($O21),$P21>$O21),"Check: pairings exceed capacity. ","")&IF(AND($BH21="Everyone",NOT(AND($BD21="Yes",$BG21="Yes"))),"Check: approved to tutor children but WWCC not provided/confirmed. ","")&IF(AND($P21>0,NOT(AND(OR(LEFT($AY21,3)="Yes",LEFT($AY21,2)="NA"),OR(LEFT($AZ21,3)="Yes",LEFT($AZ21,2)="NA")))),"Matched but vetting incomplete (interview/reference). ","")&IF(COUNTIF($B$3:$B$600,$B21)>1,"Duplicate participant name. ","")) | BO21: S-N-00006 | BP21: =IFERROR(VLOOKUP(BO21,$A:$B,2,FALSE),"") | BQ21: 45831 | BS21: 1 | BT21: KNIJNIK Marina | BU21: S-N-00027 | BV21: =IFERROR(VLOOKUP(BU21,$A:$B,2,FALSE),"") | BW21: 45961 | BY21: 1 | BZ21: HERVIR Oliver | CS21: =IF(LEFT($J21,3)="ERR",0,1) | CT21: =IF(LEFT($J21,3)="ADM",1,0) | CU21: =IF(OR($J21="ADM-ACT-MAT-CNE",$J21="ADM-ACT-MAT-CE",$J21="ADM-INACT-M&T"),1,0) | CV21: =IF(AND(CU21=1,ISNUMBER(M21),ISNUMBER(I21)),M21-I21,"") | CW21: =IF(ISNUMBER(I21),TODAY()-I21,"") | CX21: =IF(ISNUMBER(I21),DATE(YEAR(I21),MONTH(I21),1),"") | CY21: =IFERROR(DATEDIF(AK21,TODAY(),"y"),"") | CZ21: =IF(CY21="","",IF(CY21<28,"18-27",IF(CY21<38,"28-37",IF(CY21<48,"38-47",IF(CY21<58,"48-57",IF(CY21<68,"58-67",IF(CY21<78,"68-77","78+")))))) | DA21: =IF(AND(BQ21<>"",BR21=""),N(BS21),0)+IF(AND(BW21<>"",BX21=""),N(BY21),0)+IF(AND(CC21<>"",CD21=""),N(CE21),0)+IF(AND(CI21<>"",CJ21=""),N(CK21),0)+IF(AND(CO21<>"",CP21=""),N(CQ21),0) | DB21: =ROUND(IF(BQ21<>"",N(BS21)*MAX(0,((IF(BR21="",TODAY(),BR21))-BQ21)/7),0)+IF(BW21<>"",N(BY21)*MAX(0,((IF(BX21="",TODAY(),BX21))-BW21)/7),0)+IF(CC21<>"",N(CE21)*MAX(0,((IF(CD21="",TODAY(),CD21))-CC21)/7),0)+IF(CI21<>"",N(CK21)*MAX(0,((IF(CJ21="",TODAY(),CJ21))-CI21)/7),0)+IF(CO21<>"",N(CQ21)*MAX(0,((IF(CP21="",TODAY(),CP21))-CO21)/7),0),1) | DC21: =IF(OR(TRIM(X21)="",TRIM(X21)="NA;",TRIM(X21)="NA"),0,1) | DD21: =IF(OR(TRIM(Y21)="",TRIM(Y21)="NA;",TRIM(Y21)="NA"),0,1) | DE21: =IF(OR(TRIM(Z21)="",TRIM(Z21)="NA;",TRIM(Z21)="NA"),0,1) | DF21: =IF(OR(TRIM(AA21)="",TRIM(AA21)="NA;",TRIM(AA21)="NA"),0,1) | DG21: =IF(OR(TRIM(AB21)="",TRIM(AB21)="NA;",TRIM(AB21)="NA"),0,1) | DH21: =IF(OR(TRIM(AC21)="",TRIM(AC21)="NA;",TRIM(AC21)="NA"),0,1) | DI21: =IF(OR(TRIM(AD21)="",TRIM(AD21)="NA;",TRIM(AD21)="NA"),0,1) | DJ21: =TRIM(IF(DC21=1,"Mon ","")&IF(DD21=1,"Tue ","")&IF(DE21=1,"Wed ","")&IF(DF21=1,"Thu ","")&IF(DG21=1,"Fri ","")&IF(DH21=1,"Sat ","")&IF(DI21=1,"Sun ",""))
A22: T-O-00020 | B22: Daniel Ali | C22: daniel.ali20@example.com | D22: +61 456 901 715 | E22: Sofia Slaytor | F22: +61 424 943 613 | G22: Friend | H22: Tutor | I22: 45400 | J22: ADM-ACT-UNMAT | K22: =IFERROR(VLOOKUP(J22,'(A) Introduction'!$B$35:$C$45,2,FALSE),"") | L22: No | O22: 2 | P22: =IF($H22="Tutor",((BQ22<>"")*(BR22=""))+((BW22<>"")*(BX22=""))+((CC22<>"")*(CD22=""))+((CI22<>"")*(CJ22=""))+((CO22<>"")*(CP22="")),SUMPRODUCT(--($BO$3:$BO$202=$A22),--($BR$3:$BR$202=""))+SUMPRODUCT(--($BU$3:$BU$202=$A22),--($BX$3:$BX$202=""))+SUMPRODUCT(--($CA$3:$CA$202=$A22),--($CD$3:$CD$202=""))+SUMPRODUCT(--($CG$3:$CG$202=$A22),--($CJ$3:$CJ$202=""))+SUMPRODUCT(--($CM$3:$CM$202=$A22),--($CP$3:$CP$202=""))) | Q22: =IF($H22="Tutor",(BQ22<>"")+(BW22<>"")+(CC22<>"")+(CI22<>"")+(CO22<>""),SUMPRODUCT(--($BO$3:$BO$202=$A22))+SUMPRODUCT(--($BU$3:$BU$202=$A22))+SUMPRODUCT(--($CA$3:$CA$202=$A22))+SUMPRODUCT(--($CG$3:$CG$202=$A22))+SUMPRODUCT(--($CM$3:$CM$202=$A22))) | R22: =IF($H22="Tutor",TRIM(IF(AND(BQ22<>"",BR22=""),BP22&"; ","")&IF(AND(BW22<>"",BX22=""),BV22&"; ","")&IF(AND(CC22<>"",CD22=""),CB22&"; ","")&IF(AND(CI22<>"",CJ22=""),CH22&"; ","")&IF(AND(CO22<>"",CP22=""),CN22&"; ","")),IFERROR(INDEX($A$3:$B$202,(SUMPRODUCT(($BO$3:$BO$202=$A22)*($BR$3:$BR$202="")*ROW($BO$3:$BO$202))+SUMPRODUCT(($BU$3:$BU$202=$A22)*($BX$3:$BX$202="")*ROW($BU$3:$BU$202))+SUMPRODUCT(($CA$3:$CA$202=$A22)*($CD$3:$CD$202="")*ROW($CA$3:$CA$202))+SUMPRODUCT(($CG$3:$CG$202=$A22)*($CJ$3:$CJ$202="")*ROW($CG$3:$CG$202))+SUMPRODUCT(($CM$3:$CM$202=$A22)*($CP$3:$CP$202="")*ROW($CM$3:$CM$202)))-2,2),"")) | S22: Provided | V22: 45752 | W22: AEST (UTC+10) | X22: 12pm-3pm; | Y22: 9am-12pm; | Z22: 3pm-6pm; | AA22: 9am-12pm;12pm-3pm;3pm-6pm; | AB22: NA; | AC22: 9am-12pm;12pm-3pm;3pm-6pm; | AD22: 12pm-3pm;6pm-9pm; | AE22: Online | AF22: NA - Tutor | AG22: Australia | AH22: New South Wales | AI22: Auburn | AJ22: 2144 | AK22: 26328 | AL22: Female | AM22: NA | AN22: NA - Tutor | AO22: Outstanding | AP22: Australia | AQ22: NA | AR22: Ukrainian (C2) | AS22: Christian (Catholic) | AT22: Law & Legal Services | AU22: Accountant | AV22: NA - Tutor | AW22: Football; Cooking; Family | AX22: NA - Tutor | AY22: NA - Partner Organisation Verified | AZ22: NA - Partner Organisation Verified | BA22: Sam Ali | BB22: Colleague | BC22: ibrahim.levi520@example.com | BD22: Yes | BE22: WWC8097946E | BF22: 46888 | BG22: No | BH22: Adults Only | BI22: Kaldor Centre for International Refugee Law | BJ22: NUICH Curtis | BK22: SHANAHAN Jack | BL22: Synthetic test record. | BN22: =TRIM(IF(AND($H22="Student",$J22="ADM-ACT-MAT-CNE"),"Invalid: Student cannot be CNE. ","")&IF(AND($H22="Student",ISNUMBER($O22)),"Check: capacity set for a Student. ","")&IF(AND(LEFT($J22,11)="ADM-ACT-MAT",$P22=0),"Check: matched status but 0 active pairings. ","")&IF(AND($H22="Tutor",ISNUMBER($O22),$P22>$O22),"Check: pairings exceed capacity. ","")&IF(AND($BH22="Everyone",NOT(AND($BD22="Yes",$BG22="Yes"))),"Check: approved to tutor children but WWCC not provided/confirmed. ","")&IF(AND($P22>0,NOT(AND(OR(LEFT($AY22,3)="Yes",LEFT($AY22,2)="NA"),OR(LEFT($AZ22,3)="Yes",LEFT($AZ22,2)="NA")))),"Matched but vetting incomplete (interview/reference). ","")&IF(COUNTIF($B$3:$B$600,$B22)>1,"Duplicate participant name. ","")) | CS22: =IF(LEFT($J22,3)="ERR",0,1) | CT22: =IF(LEFT($J22,3)="ADM",1,0) | CU22: =IF(OR($J22="ADM-ACT-MAT-CNE",$J22="ADM-ACT-MAT-CE",$J22="ADM-INACT-M&T"),1,0) | CV22: =IF(AND(CU22=1,ISNUMBER(M22),ISNUMBER(I22)),M22-I22,"") | CW22: =IF(ISNUMBER(I22),TODAY()-I22,"") | CX22: =IF(ISNUMBER(I22),DATE(YEAR(I22),MONTH(I22),1),"") | CY22: =IFERROR(DATEDIF(AK22,TODAY(),"y"),"") | CZ22: =IF(CY22="","",IF(CY22<28,"18-27",IF(CY22<38,"28-37",IF(CY22<48,"38-47",IF(CY22<58,"48-57",IF(CY22<68,"58-67",IF(CY22<78,"68-77","78+")))))) | DA22: =IF(AND(BQ22<>"",BR22=""),N(BS22),0)+IF(AND(BW22<>"",BX22=""),N(BY22),0)+IF(AND(CC22<>"",CD22=""),N(CE22),0)+IF(AND(CI22<>"",CJ22=""),N(CK22),0)+IF(AND(CO22<>"",CP22=""),N(CQ22),0) | DB22: =ROUND(IF(BQ22<>"",N(BS22)*MAX(0,((IF(BR22="",TODAY(),BR22))-BQ22)/7),0)+IF(BW22<>"",N(BY22)*MAX(0,((IF(BX22="",TODAY(),BX22))-BW22)/7),0)+IF(CC22<>"",N(CE22)*MAX(0,((IF(CD22="",TODAY(),CD22))-CC22)/7),0)+IF(CI22<>"",N(CK22)*MAX(0,((IF(CJ22="",TODAY(),CJ22))-CI22)/7),0)+IF(CO22<>"",N(CQ22)*MAX(0,((IF(CP22="",TODAY(),CP22))-CO22)/7),0),1) | DC22: =IF(OR(TRIM(X22)="",TRIM(X22)="NA;",TRIM(X22)="NA"),0,1) | DD22: =IF(OR(TRIM(Y22)="",TRIM(Y22)="NA;",TRIM(Y22)="NA"),0,1) | DE22: =IF(OR(TRIM(Z22)="",TRIM(Z22)="NA;",TRIM(Z22)="NA"),0,1) | DF22: =IF(OR(TRIM(AA22)="",TRIM(AA22)="NA;",TRIM(AA22)="NA"),0,1) | DG22: =IF(OR(TRIM(AB22)="",TRIM(AB22)="NA;",TRIM(AB22)="NA"),0,1) | DH22: =IF(OR(TRIM(AC22)="",TRIM(AC22)="NA;",TRIM(AC22)="NA"),0,1) | DI22: =IF(OR(TRIM(AD22)="",TRIM(AD22)="NA;",TRIM(AD22)="NA"),0,1) | DJ22: =TRIM(IF(DC22=1,"Mon ","")&IF(DD22=1,"Tue ","")&IF(DE22=1,"Wed ","")&IF(DF22=1,"Thu ","")&IF(DG22=1,"Fri ","")&IF(DH22=1,"Sat ","")&IF(DI22=1,"Sun ",""))
A23: T-O-00021 | B23: Reza Lee | C23: reza.lee21@example.com | D23: +61 400 289 743 | E23: Tariq Petrov | F23: +61 463 987 037 | G23: Parent | H23: Tutor | I23: 45410 | J23: ADM-INACT-NOM&T | K23: =IFERROR(VLOOKUP(J23,'(A) Introduction'!$B$35:$C$45,2,FALSE),"") | L23: No | O23: 2 | P23: =IF($H23="Tutor",((BQ23<>"")*(BR23=""))+((BW23<>"")*(BX23=""))+((CC23<>"")*(CD23=""))+((CI23<>"")*(CJ23=""))+((CO23<>"")*(CP23="")),SUMPRODUCT(--($BO$3:$BO$202=$A23),--($BR$3:$BR$202=""))+SUMPRODUCT(--($BU$3:$BU$202=$A23),--($BX$3:$BX$202=""))+SUMPRODUCT(--($CA$3:$CA$202=$A23),--($CD$3:$CD$202=""))+SUMPRODUCT(--($CG$3:$CG$202=$A23),--($CJ$3:$CJ$202=""))+SUMPRODUCT(--($CM$3:$CM$202=$A23),--($CP$3:$CP$202=""))) | Q23: =IF($H23="Tutor",(BQ23<>"")+(BW23<>"")+(CC23<>"")+(CI23<>"")+(CO23<>""),SUMPRODUCT(--($BO$3:$BO$202=$A23))+SUMPRODUCT(--($BU$3:$BU$202=$A23))+SUMPRODUCT(--($CA$3:$CA$202=$A23))+SUMPRODUCT(--($CG$3:$CG$202=$A23))+SUMPRODUCT(--($CM$3:$CM$202=$A23))) | R23: =IF($H23="Tutor",TRIM(IF(AND(BQ23<>"",BR23=""),BP23&"; ","")&IF(AND(BW23<>"",BX23=""),BV23&"; ","")&IF(AND(CC23<>"",CD23=""),CB23&"; ","")&IF(AND(CI23<>"",CJ23=""),CH23&"; ","")&IF(AND(CO23<>"",CP23=""),CN23&"; ","")),IFERROR(INDEX($A$3:$B$202,(SUMPRODUCT(($BO$3:$BO$202=$A23)*($BR$3:$BR$202="")*ROW($BO$3:$BO$202))+SUMPRODUCT(($BU$3:$BU$202=$A23)*($BX$3:$BX$202="")*ROW($BU$3:$BU$202))+SUMPRODUCT(($CA$3:$CA$202=$A23)*($CD$3:$CD$202="")*ROW($CA$3:$CA$202))+SUMPRODUCT(($CG$3:$CG$202=$A23)*($CJ$3:$CJ$202="")*ROW($CG$3:$CG$202))+SUMPRODUCT(($CM$3:$CM$202=$A23)*($CP$3:$CP$202="")*ROW($CM$3:$CM$202)))-2,2),"")) | S23: NA | V23: 45837 | W23: ACST (UTC+9:30) | X23: 6pm-9pm; | Y23: 9am-12pm; | Z23: 6pm-9pm; | AA23: 9am-12pm;12pm-3pm;3pm-6pm; | AB23: 6pm-9pm; | AC23: 6am-9am;9am-12pm; | AD23: 6am-9am;9am-12pm; | AE23: Either | AF23: NA - Tutor | AG23: Australia | AH23: New South Wales | AI23: Doonside | AJ23: 2767 | AK23: 35145 | AL23: Other | AM23: NA | AN23: NA - Tutor | AO23: Outstanding | AP23: China | AQ23: NA | AR23: Somali (C2) | AS23: Buddhist | AT23: Education & Academia | AU23: Student | AV23: NA - Tutor | AW23: Football; Cooking; Family | AX23: NA - Tutor | AY23: NA - RELT Member Verified | AZ23: Yes | BA23: Camila Wright | BB23: Academic Referee | BC23: fatima.smith521@example.com | BD23: Yes | BE23: WWC7177975E | BF23: 46912 | BG23: Yes | BH23: Adults Only | BI23: Supporting Asylum Seekers Sydney | BJ23: ZULMAN Levi | BK23: MCCRORIE John | BL23: Synthetic test record. | BN23: =TRIM(IF(AND($H23="Student",$J23="ADM-ACT-MAT-CNE"),"Invalid: Student cannot be CNE. ","")&IF(AND($H23="Student",ISNUMBER($O23)),"Check: capacity set for a Student. ","")&IF(AND(LEFT($J23,11)="ADM-ACT-MAT",$P23=0),"Check: matched status but 0 active pairings. ","")&IF(AND($H23="Tutor",ISNUMBER($O23),$P23>$O23),"Check: pairings exceed capacity. ","")&IF(AND($BH23="Everyone",NOT(AND($BD23="Yes",$BG23="Yes"))),"Check: approved to tutor children but WWCC not provided/confirmed. ","")&IF(AND($P23>0,NOT(AND(OR(LEFT($AY23,3)="Yes",LEFT($AY23,2)="NA"),OR(LEFT($AZ23,3)="Yes",LEFT($AZ23,2)="NA")))),"Matched but vetting incomplete (interview/reference). ","")&IF(COUNTIF($B$3:$B$600,$B23)>1,"Duplicate participant name. ","")) | CS23: =IF(LEFT($J23,3)="ERR",0,1) | CT23: =IF(LEFT($J23,3)="ADM",1,0) | CU23: =IF(OR($J23="ADM-ACT-MAT-CNE",$J23="ADM-ACT-MAT-CE",$J23="ADM-INACT-M&T"),1,0) | CV23: =IF(AND(CU23=1,ISNUMBER(M23),ISNUMBER(I23)),M23-I23,"") | CW23: =IF(ISNUMBER(I23),TODAY()-I23,"") | CX23: =IF(ISNUMBER(I23),DATE(YEAR(I23),MONTH(I23),1),"") | CY23: =IFERROR(DATEDIF(AK23,TODAY(),"y"),"") | CZ23: =IF(CY23="","",IF(CY23<28,"18-27",IF(CY23<38,"28-37",IF(CY23<48,"38-47",IF(CY23<58,"48-57",IF(CY23<68,"58-67",IF(CY23<78,"68-77","78+")))))) | DA23: =IF(AND(BQ23<>"",BR23=""),N(BS23),0)+IF(AND(BW23<>"",BX23=""),N(BY23),0)+IF(AND(CC23<>"",CD23=""),N(CE23),0)+IF(AND(CI23<>"",CJ23=""),N(CK23),0)+IF(AND(CO23<>"",CP23=""),N(CQ23),0) | DB23: =ROUND(IF(BQ23<>"",N(BS23)*MAX(0,((IF(BR23="",TODAY(),BR23))-BQ23)/7),0)+IF(BW23<>"",N(BY23)*MAX(0,((IF(BX23="",TODAY(),BX23))-BW23)/7),0)+IF(CC23<>"",N(CE23)*MAX(0,((IF(CD23="",TODAY(),CD23))-CC23)/7),0)+IF(CI23<>"",N(CK23)*MAX(0,((IF(CJ23="",TODAY(),CJ23))-CI23)/7),0)+IF(CO23<>"",N(CQ23)*MAX(0,((IF(CP23="",TODAY(),CP23))-CO23)/7),0),1) | DC23: =IF(OR(TRIM(X23)="",TRIM(X23)="NA;",TRIM(X23)="NA"),0,1) | DD23: =IF(OR(TRIM(Y23)="",TRIM(Y23)="NA;",TRIM(Y23)="NA"),0,1) | DE23: =IF(OR(TRIM(Z23)="",TRIM(Z23)="NA;",TRIM(Z23)="NA"),0,1) | DF23: =IF(OR(TRIM(AA23)="",TRIM(AA23)="NA;",TRIM(AA23)="NA"),0,1) | DG23: =IF(OR(TRIM(AB23)="",TRIM(AB23)="NA;",TRIM(AB23)="NA"),0,1) | DH23: =IF(OR(TRIM(AC23)="",TRIM(AC23)="NA;",TRIM(AC23)="NA"),0,1) | DI23: =IF(OR(TRIM(AD23)="",TRIM(AD23)="NA;",TRIM(AD23)="NA"),0,1) | DJ23: =TRIM(IF(DC23=1,"Mon ","")&IF(DD23=1,"Tue ","")&IF(DE23=1,"Wed ","")&IF(DF23=1,"Thu ","")&IF(DG23=1,"Fri ","")&IF(DH23=1,"Sat ","")&IF(DI23=1,"Sun ",""))
A24: T-O-00022 | B24: Fatima Walker | C24: fatima.walker22@example.com | D24: +61 401 739 147 | E24: Jose Brown | F24: +61 412 778 648 | G24: Caseworker | H24: Tutor | I24: 45423 | J24: ADM-ACT-UNMAT | K24: =IFERROR(VLOOKUP(J24,'(A) Introduction'!$B$35:$C$45,2,FALSE),"") | L24: No | O24: 2 | P24: =IF($H24="Tutor",((BQ24<>"")*(BR24=""))+((BW24<>"")*(BX24=""))+((CC24<>"")*(CD24=""))+((CI24<>"")*(CJ24=""))+((CO24<>"")*(CP24="")),SUMPRODUCT(--($BO$3:$BO$202=$A24),--($BR$3:$BR$202=""))+SUMPRODUCT(--($BU$3:$BU$202=$A24),--($BX$3:$BX$202=""))+SUMPRODUCT(--($CA$3:$CA$202=$A24),--($CD$3:$CD$202=""))+SUMPRODUCT(--($CG$3:$CG$202=$A24),--($CJ$3:$CJ$202=""))+SUMPRODUCT(--($CM$3:$CM$202=$A24),--($CP$3:$CP$202=""))) | Q24: =IF($H24="Tutor",(BQ24<>"")+(BW24<>"")+(CC24<>"")+(CI24<>"")+(CO24<>""),SUMPRODUCT(--($BO$3:$BO$202=$A24))+SUMPRODUCT(--($BU$3:$BU$202=$A24))+SUMPRODUCT(--($CA$3:$CA$202=$A24))+SUMPRODUCT(--($CG$3:$CG$202=$A24))+SUMPRODUCT(--($CM$3:$CM$202=$A24))) | R24: =IF($H24="Tutor",TRIM(IF(AND(BQ24<>"",BR24=""),BP24&"; ","")&IF(AND(BW24<>"",BX24=""),BV24&"; ","")&IF(AND(CC24<>"",CD24=""),CB24&"; ","")&IF(AND(CI24<>"",CJ24=""),CH24&"; ","")&IF(AND(CO24<>"",CP24=""),CN24&"; ","")),IFERROR(INDEX($A$3:$B$202,(SUMPRODUCT(($BO$3:$BO$202=$A24)*($BR$3:$BR$202="")*ROW($BO$3:$BO$202))+SUMPRODUCT(($BU$3:$BU$202=$A24)*($BX$3:$BX$202="")*ROW($BU$3:$BU$202))+SUMPRODUCT(($CA$3:$CA$202=$A24)*($CD$3:$CD$202="")*ROW($CA$3:$CA$202))+SUMPRODUCT(($CG$3:$CG$202=$A24)*($CJ$3:$CJ$202="")*ROW($CG$3:$CG$202))+SUMPRODUCT(($CM$3:$CM$202=$A24)*($CP$3:$CP$202="")*ROW($CM$3:$CM$202)))-2,2),"")) | S24: NA | V24: 46038 | W24: AEST (UTC+10) | X24: 6pm-9pm; | Y24: 6pm-9pm; | Z24: 3pm-6pm; | AA24: 6am-9am;9am-12pm; | AB24: 12pm-3pm;6pm-9pm; | AC24: 6pm-9pm; | AD24: 6am-9am;9am-12pm; | AE24: Either | AF24: NA - Tutor | AG24: Australia | AH24: New South Wales | AI24: Blacktown | AJ24: 2148 | AK24: 36726 | AL24: Other | AM24: NA | AN24: NA - Tutor | AO24: Outstanding | AP24: India | AQ24: NA | AR24: Ukrainian (C2) | AS24: NA | AT24: Military & Public Safety | AU24: Engineer | AV24: NA - Tutor | AW24: Football; Cooking; Family | AX24: NA - Tutor | AY24: Yes | AZ24: Yes | BA24: Fatima Smith | BB24: Manager | BC24: laura.bourne522@example.com | BD24: Pending | BG24: No | BH24: Adults Only | BI24: Notice Board | BJ24: HERVIR Oliver | BK24: ZULMAN Levi | BL24: Synthetic test record. | BN24: =TRIM(IF(AND($H24="Student",$J24="ADM-ACT-MAT-CNE"),"Invalid: Student cannot be CNE. ","")&IF(AND($H24="Student",ISNUMBER($O24)),"Check: capacity set for a Student. ","")&IF(AND(LEFT($J24,11)="ADM-ACT-MAT",$P24=0),"Check: matched status but 0 active pairings. ","")&IF(AND($H24="Tutor",ISNUMBER($O24),$P24>$O24),"Check: pairings exceed capacity. ","")&IF(AND($BH24="Everyone",NOT(AND($BD24="Yes",$BG24="Yes"))),"Check: approved to tutor children but WWCC not provided/confirmed. ","")&IF(AND($P24>0,NOT(AND(OR(LEFT($AY24,3)="Yes",LEFT($AY24,2)="NA"),OR(LEFT($AZ24,3)="Yes",LEFT($AZ24,2)="NA")))),"Matched but vetting incomplete (interview/reference). ","")&IF(COUNTIF($B$3:$B$600,$B24)>1,"Duplicate participant name. ","")) | CS24: =IF(LEFT($J24,3)="ERR",0,1) | CT24: =IF(LEFT($J24,3)="ADM",1,0) | CU24: =IF(OR($J24="ADM-ACT-MAT-CNE",$J24="ADM-ACT-MAT-CE",$J24="ADM-INACT-M&T"),1,0) | CV24: =IF(AND(CU24=1,ISNUMBER(M24),ISNUMBER(I24)),M24-I24,"") | CW24: =IF(ISNUMBER(I24),TODAY()-I24,"") | CX24: =IF(ISNUMBER(I24),DATE(YEAR(I24),MONTH(I24),1),"") | CY24: =IFERROR(DATEDIF(AK24,TODAY(),"y"),"") | CZ24: =IF(CY24="","",IF(CY24<28,"18-27",IF(CY24<38,"28-37",IF(CY24<48,"38-47",IF(CY24<58,"48-57",IF(CY24<68,"58-67",IF(CY24<78,"68-77","78+")))))) | DA24: =IF(AND(BQ24<>"",BR24=""),N(BS24),0)+IF(AND(BW24<>"",BX24=""),N(BY24),0)+IF(AND(CC24<>"",CD24=""),N(CE24),0)+IF(AND(CI24<>"",CJ24=""),N(CK24),0)+IF(AND(CO24<>"",CP24=""),N(CQ24),0) | DB24: =ROUND(IF(BQ24<>"",N(BS24)*MAX(0,((IF(BR24="",TODAY(),BR24))-BQ24)/7),0)+IF(BW24<>"",N(BY24)*MAX(0,((IF(BX24="",TODAY(),BX24))-BW24)/7),0)+IF(CC24<>"",N(CE24)*MAX(0,((IF(CD24="",TODAY(),CD24))-CC24)/7),0)+IF(CI24<>"",N(CK24)*MAX(0,((IF(CJ24="",TODAY(),CJ24))-CI24)/7),0)+IF(CO24<>"",N(CQ24)*MAX(0,((IF(CP24="",TODAY(),CP24))-CO24)/7),0),1) | DC24: =IF(OR(TRIM(X24)="",TRIM(X24)="NA;",TRIM(X24)="NA"),0,1) | DD24: =IF(OR(TRIM(Y24)="",TRIM(Y24)="NA;",TRIM(Y24)="NA"),0,1) | DE24: =IF(OR(TRIM(Z24)="",TRIM(Z24)="NA;",TRIM(Z24)="NA"),0,1) | DF24: =IF(OR(TRIM(AA24)="",TRIM(AA24)="NA;",TRIM(AA24)="NA"),0,1) | DG24: =IF(OR(TRIM(AB24)="",TRIM(AB24)="NA;",TRIM(AB24)="NA"),0,1) | DH24: =IF(OR(TRIM(AC24)="",TRIM(AC24)="NA;",TRIM(AC24)="NA"),0,1) | DI24: =IF(OR(TRIM(AD24)="",TRIM(AD24)="NA;",TRIM(AD24)="NA"),0,1) | DJ24: =TRIM(IF(DC24=1,"Mon ","")&IF(DD24=1,"Tue ","")&IF(DE24=1,"Wed ","")&IF(DF24=1,"Thu ","")&IF(DG24=1,"Fri ","")&IF(DH24=1,"Sat ","")&IF(DI24=1,"Sun ",""))
A25: T-O-00023 | B25: Layla Mosquera | C25: layla.mosquera23@example.com | D25: +61 407 300 367 | E25: Aisha Silva | F25: +61 409 452 967 | G25: Sibling | H25: Tutor | I25: 45438 | J25: ADM-INACT-M&T | K25: =IFERROR(VLOOKUP(J25,'(A) Introduction'!$B$35:$C$45,2,FALSE),"") | L25: No | O25: 2 | P25: =IF($H25="Tutor",((BQ25<>"")*(BR25=""))+((BW25<>"")*(BX25=""))+((CC25<>"")*(CD25=""))+((CI25<>"")*(CJ25=""))+((CO25<>"")*(CP25="")),SUMPRODUCT(--($BO$3:$BO$202=$A25),--($BR$3:$BR$202=""))+SUMPRODUCT(--($BU$3:$BU$202=$A25),--($BX$3:$BX$202=""))+SUMPRODUCT(--($CA$3:$CA$202=$A25),--($CD$3:$CD$202=""))+SUMPRODUCT(--($CG$3:$CG$202=$A25),--($CJ$3:$CJ$202=""))+SUMPRODUCT(--($CM$3:$CM$202=$A25),--($CP$3:$CP$202=""))) | Q25: =IF($H25="Tutor",(BQ25<>"")+(BW25<>"")+(CC25<>"")+(CI25<>"")+(CO25<>""),SUMPRODUCT(--($BO$3:$BO$202=$A25))+SUMPRODUCT(--($BU$3:$BU$202=$A25))+SUMPRODUCT(--($CA$3:$CA$202=$A25))+SUMPRODUCT(--($CG$3:$CG$202=$A25))+SUMPRODUCT(--($CM$3:$CM$202=$A25))) | R25: =IF($H25="Tutor",TRIM(IF(AND(BQ25<>"",BR25=""),BP25&"; ","")&IF(AND(BW25<>"",BX25=""),BV25&"; ","")&IF(AND(CC25<>"",CD25=""),CB25&"; ","")&IF(AND(CI25<>"",CJ25=""),CH25&"; ","")&IF(AND(CO25<>"",CP25=""),CN25&"; ","")),IFERROR(INDEX($A$3:$B$202,(SUMPRODUCT(($BO$3:$BO$202=$A25)*($BR$3:$BR$202="")*ROW($BO$3:$BO$202))+SUMPRODUCT(($BU$3:$BU$202=$A25)*($BX$3:$BX$202="")*ROW($BU$3:$BU$202))+SUMPRODUCT(($CA$3:$CA$202=$A25)*($CD$3:$CD$202="")*ROW($CA$3:$CA$202))+SUMPRODUCT(($CG$3:$CG$202=$A25)*($CJ$3:$CJ$202="")*ROW($CG$3:$CG$202))+SUMPRODUCT(($CM$3:$CM$202=$A25)*($CP$3:$CP$202="")*ROW($CM$3:$CM$202)))-2,2),"")) | S25: Not Provided | V25: 45683 | W25: AEST (UTC+10) | X25: 12pm-3pm; | Y25: 9am-12pm;12pm-3pm;3pm-6pm; | Z25: 12pm-3pm;6pm-9pm; | AA25: 9am-12pm; | AB25: 9am-12pm; | AC25: 9am-12pm; | AD25: 6pm-9pm; | AE25: Either | AF25: NA - Tutor | AG25: Australia | AH25: New South Wales | AI25: Fairfield | AJ25: 2165 | AK25: 36914 | AL25: Male | AM25: NA | AN25: NA - Tutor | AO25: Moderate | AP25: China | AQ25: NA | AR25: English (C2) | AS25: Christian (Catholic) | AT25: Education & Academia | AU25: Lawyer | AV25: NA - Tutor | AW25: Reading; Politics; Music | AX25: NA - Tutor | AY25: NA - Partner Organisation Verified | AZ25: NA - Partner Organisation Verified | BA25: Peter Bourne | BB25: Friend | BC25: laura.stanley523@example.com | BD25: Yes | BE25: WWC2559399E | BF25: 47074 | BG25: No | BH25: Adults Only | BI25: STARTTS | BJ25: KNIJNIK Marina | BK25: THET Moh Moh | BL25: Synthetic test record. | BN25: =TRIM(IF(AND($H25="Student",$J25="ADM-ACT-MAT-CNE"),"Invalid: Student cannot be CNE. ","")&IF(AND($H25="Student",ISNUMBER($O25)),"Check: capacity set for a Student. ","")&IF(AND(LEFT($J25,11)="ADM-ACT-MAT",$P25=0),"Check: matched status but 0 active pairings. ","")&IF(AND($H25="Tutor",ISNUMBER($O25),$P25>$O25),"Check: pairings exceed capacity. ","")&IF(AND($BH25="Everyone",NOT(AND($BD25="Yes",$BG25="Yes"))),"Check: approved to tutor children but WWCC not provided/confirmed. ","")&IF(AND($P25>0,NOT(AND(OR(LEFT($AY25,3)="Yes",LEFT($AY25,2)="NA"),OR(LEFT($AZ25,3)="Yes",LEFT($AZ25,2)="NA")))),"Matched but vetting incomplete (interview/reference). ","")&IF(COUNTIF($B$3:$B$600,$B25)>1,"Duplicate participant name. ","")) | BO25: S-O-00048 | BP25: =IFERROR(VLOOKUP(BO25,$A:$B,2,FALSE),"") | BQ25: 45716 | BR25: 45868 | BS25: 1 | BT25: KNIJNIK Marina | CS25: =IF(LEFT($J25,3)="ERR",0,1) | CT25: =IF(LEFT($J25,3)="ADM",1,0) | CU25: =IF(OR($J25="ADM-ACT-MAT-CNE",$J25="ADM-ACT-MAT-CE",$J25="ADM-INACT-M&T"),1,0) | CV25: =IF(AND(CU25=1,ISNUMBER(M25),ISNUMBER(I25)),M25-I25,"") | CW25: =IF(ISNUMBER(I25),TODAY()-I25,"") | CX25: =IF(ISNUMBER(I25),DATE(YEAR(I25),MONTH(I25),1),"") | CY25: =IFERROR(DATEDIF(AK25,TODAY(),"y"),"") | CZ25: =IF(CY25="","",IF(CY25<28,"18-27",IF(CY25<38,"28-37",IF(CY25<48,"38-47",IF(CY25<58,"48-57",IF(CY25<68,"58-67",IF(CY25<78,"68-77","78+")))))) | DA25: =IF(AND(BQ25<>"",BR25=""),N(BS25),0)+IF(AND(BW25<>"",BX25=""),N(BY25),0)+IF(AND(CC25<>"",CD25=""),N(CE25),0)+IF(AND(CI25<>"",CJ25=""),N(CK25),0)+IF(AND(CO25<>"",CP25=""),N(CQ25),0) | DB25: =ROUND(IF(BQ25<>"",N(BS25)*MAX(0,((IF(BR25="",TODAY(),BR25))-BQ25)/7),0)+IF(BW25<>"",N(BY25)*MAX(0,((IF(BX25="",TODAY(),BX25))-BW25)/7),0)+IF(CC25<>"",N(CE25)*MAX(0,((IF(CD25="",TODAY(),CD25))-CC25)/7),0)+IF(CI25<>"",N(CK25)*MAX(0,((IF(CJ25="",TODAY(),CJ25))-CI25)/7),0)+IF(CO25<>"",N(CQ25)*MAX(0,((IF(CP25="",TODAY(),CP25))-CO25)/7),0),1) | DC25: =IF(OR(TRIM(X25)="",TRIM(X25)="NA;",TRIM(X25)="NA"),0,1) | DD25: =IF(OR(TRIM(Y25)="",TRIM(Y25)="NA;",TRIM(Y25)="NA"),0,1) | DE25: =IF(OR(TRIM(Z25)="",TRIM(Z25)="NA;",TRIM(Z25)="NA"),0,1) | DF25: =IF(OR(TRIM(AA25)="",TRIM(AA25)="NA;",TRIM(AA25)="NA"),0,1) | DG25: =IF(OR(TRIM(AB25)="",TRIM(AB25)="NA;",TRIM(AB25)="NA"),0,1) | DH25: =IF(OR(TRIM(AC25)="",TRIM(AC25)="NA;",TRIM(AC25)="NA"),0,1) | DI25: =IF(OR(TRIM(AD25)="",TRIM(AD25)="NA;",TRIM(AD25)="NA"),0,1) | DJ25: =TRIM(IF(DC25=1,"Mon ","")&IF(DD25=1,"Tue ","")&IF(DE25=1,"Wed ","")&IF(DF25=1,"Thu ","")&IF(DG25=1,"Fri ","")&IF(DH25=1,"Sat ","")&IF(DI25=1,"Sun ",""))
A26: T-O-00024 | B26: Rania Bourne | C26: rania.bourne24@example.com | D26: +61 449 873 494 | E26: Luke Ali | F26: +61 480 099 925 | G26: Caseworker | H26: Tutor | I26: 45455 | J26: ADM-ACT-MAT-CE | K26: =IFERROR(VLOOKUP(J26,'(A) Introduction'!$B$35:$C$45,2,FALSE),"") | L26: No | O26: 2 | P26: =IF($H26="Tutor",((BQ26<>"")*(BR26=""))+((BW26<>"")*(BX26=""))+((CC26<>"")*(CD26=""))+((CI26<>"")*(CJ26=""))+((CO26<>"")*(CP26="")),SUMPRODUCT(--($BO$3:$BO$202=$A26),--($BR$3:$BR$202=""))+SUMPRODUCT(--($BU$3:$BU$202=$A26),--($BX$3:$BX$202=""))+SUMPRODUCT(--($CA$3:$CA$202=$A26),--($CD$3:$CD$202=""))+SUMPRODUCT(--($CG$3:$CG$202=$A26),--($CJ$3:$CJ$202=""))+SUMPRODUCT(--($CM$3:$CM$202=$A26),--($CP$3:$CP$202=""))) | Q26: =IF($H26="Tutor",(BQ26<>"")+(BW26<>"")+(CC26<>"")+(CI26<>"")+(CO26<>""),SUMPRODUCT(--($BO$3:$BO$202=$A26))+SUMPRODUCT(--($BU$3:$BU$202=$A26))+SUMPRODUCT(--($CA$3:$CA$202=$A26))+SUMPRODUCT(--($CG$3:$CG$202=$A26))+SUMPRODUCT(--($CM$3:$CM$202=$A26))) | R26: =IF($H26="Tutor",TRIM(IF(AND(BQ26<>"",BR26=""),BP26&"; ","")&IF(AND(BW26<>"",BX26=""),BV26&"; ","")&IF(AND(CC26<>"",CD26=""),CB26&"; ","")&IF(AND(CI26<>"",CJ26=""),CH26&"; ","")&IF(AND(CO26<>"",CP26=""),CN26&"; ","")),IFERROR(INDEX($A$3:$B$202,(SUMPRODUCT(($BO$3:$BO$202=$A26)*($BR$3:$BR$202="")*ROW($BO$3:$BO$202))+SUMPRODUCT(($BU$3:$BU$202=$A26)*($BX$3:$BX$202="")*ROW($BU$3:$BU$202))+SUMPRODUCT(($CA$3:$CA$202=$A26)*($CD$3:$CD$202="")*ROW($CA$3:$CA$202))+SUMPRODUCT(($CG$3:$CG$202=$A26)*($CJ$3:$CJ$202="")*ROW($CG$3:$CG$202))+SUMPRODUCT(($CM$3:$CM$202=$A26)*($CP$3:$CP$202="")*ROW($CM$3:$CM$202)))-2,2),"")) | S26: Provided | V26: 45939 | W26: AEDT (UTC+11) | X26: 6am-9am;9am-12pm; | Y26: 3pm-6pm; | Z26: 3pm-6pm; | AA26: NA; | AB26: 12pm-3pm;6pm-9pm; | AC26: 3pm-6pm; | AD26: NA; | AE26: Either | AF26: NA - Tutor | AG26: Australia | AH26: New South Wales | AI26: Campsie | AJ26: 2194 | AK26: 36820 | AL26: Other | AM26: NA | AN26: NA - Tutor | AO26: Low | AP26: Egypt | AQ26: NA | AR26: English (C2) | AS26: NA | AT26: Health & Medicine | AU26: Student | AV26: NA - Tutor | AW26: Football; Cooking; Family | AX26: NA - Tutor | AY26: NA - Partner Organisation Verified | AZ26: Yes | BA26: James Mosquera | BB26: Academic Referee | BC26: bilal.mosquera524@example.com | BD26: Pending | BG26: Yes | BH26: Adults Only | BI26: National Justice Project | BJ26: THET Moh Moh | BK26: ZULMAN Levi | BL26: Synthetic test record. | BN26: =TRIM(IF(AND($H26="Student",$J26="ADM-ACT-MAT-CNE"),"Invalid: Student cannot be CNE. ","")&IF(AND($H26="Student",ISNUMBER($O26)),"Check: capacity set for a Student. ","")&IF(AND(LEFT($J26,11)="ADM-ACT-MAT",$P26=0),"Check: matched status but 0 active pairings. ","")&IF(AND($H26="Tutor",ISNUMBER($O26),$P26>$O26),"Check: pairings exceed capacity. ","")&IF(AND($BH26="Everyone",NOT(AND($BD26="Yes",$BG26="Yes"))),"Check: approved to tutor children but WWCC not provided/confirmed. ","")&IF(AND($P26>0,NOT(AND(OR(LEFT($AY26,3)="Yes",LEFT($AY26,2)="NA"),OR(LEFT($AZ26,3)="Yes",LEFT($AZ26,2)="NA")))),"Matched but vetting incomplete (interview/reference). ","")&IF(COUNTIF($B$3:$B$600,$B26)>1,"Duplicate participant name. ","")) | BO26: S-O-00034 | BP26: =IFERROR(VLOOKUP(BO26,$A:$B,2,FALSE),"") | BQ26: 45563 | BS26: 1 | BT26: CROCK Mary | BU26: S-N-00020 | BV26: =IFERROR(VLOOKUP(BU26,$A:$B,2,FALSE),"") | BW26: 45892 | BY26: 1 | BZ26: HALLORAN Isobel | CS26: =IF(LEFT($J26,3)="ERR",0,1) | CT26: =IF(LEFT($J26,3)="ADM",1,0) | CU26: =IF(OR($J26="ADM-ACT-MAT-CNE",$J26="ADM-ACT-MAT-CE",$J26="ADM-INACT-M&T"),1,0) | CV26: =IF(AND(CU26=1,ISNUMBER(M26),ISNUMBER(I26)),M26-I26,"") | CW26: =IF(ISNUMBER(I26),TODAY()-I26,"") | CX26: =IF(ISNUMBER(I26),DATE(YEAR(I26),MONTH(I26),1),"") | CY26: =IFERROR(DATEDIF(AK26,TODAY(),"y"),"") | CZ26: =IF(CY26="","",IF(CY26<28,"18-27",IF(CY26<38,"28-37",IF(CY26<48,"38-47",IF(CY26<58,"48-57",IF(CY26<68,"58-67",IF(CY26<78,"68-77","78+")))))) | DA26: =IF(AND(BQ26<>"",BR26=""),N(BS26),0)+IF(AND(BW26<>"",BX26=""),N(BY26),0)+IF(AND(CC26<>"",CD26=""),N(CE26),0)+IF(AND(CI26<>"",CJ26=""),N(CK26),0)+IF(AND(CO26<>"",CP26=""),N(CQ26),0) | DB26: =ROUND(IF(BQ26<>"",N(BS26)*MAX(0,((IF(BR26="",TODAY(),BR26))-BQ26)/7),0)+IF(BW26<>"",N(BY26)*MAX(0,((IF(BX26="",TODAY(),BX26))-BW26)/7),0)+IF(CC26<>"",N(CE26)*MAX(0,((IF(CD26="",TODAY(),CD26))-CC26)/7),0)+IF(CI26<>"",N(CK26)*MAX(0,((IF(CJ26="",TODAY(),CJ26))-CI26)/7),0)+IF(CO26<>"",N(CQ26)*MAX(0,((IF(CP26="",TODAY(),CP26))-CO26)/7),0),1) | DC26: =IF(OR(TRIM(X26)="",TRIM(X26)="NA;",TRIM(X26)="NA"),0,1) | DD26: =IF(OR(TRIM(Y26)="",TRIM(Y26)="NA;",TRIM(Y26)="NA"),0,1) | DE26: =IF(OR(TRIM(Z26)="",TRIM(Z26)="NA;",TRIM(Z26)="NA"),0,1) | DF26: =IF(OR(TRIM(AA26)="",TRIM(AA26)="NA;",TRIM(AA26)="NA"),0,1) | DG26: =IF(OR(TRIM(AB26)="",TRIM(AB26)="NA;",TRIM(AB26)="NA"),0,1) | DH26: =IF(OR(TRIM(AC26)="",TRIM(AC26)="NA;",TRIM(AC26)="NA"),0,1) | DI26: =IF(OR(TRIM(AD26)="",TRIM(AD26)="NA;",TRIM(AD26)="NA"),0,1) | DJ26: =TRIM(IF(DC26=1,"Mon ","")&IF(DD26=1,"Tue ","")&IF(DE26=1,"Wed ","")&IF(DF26=1,"Thu ","")&IF(DG26=1,"Fri ","")&IF(DH26=1,"Sat ","")&IF(DI26=1,"Sun ",""))
A27: T-O-00025 | B27: Peter Morris | C27: peter.morris25@example.com | D27: +61 411 931 302 | E27: Mark Cohen | F27: +61 471 374 092 | G27: Adult Child | H27: Tutor | I27: 45459 | J27: ADM-ACT-MAT-CE | K27: =IFERROR(VLOOKUP(J27,'(A) Introduction'!$B$35:$C$45,2,FALSE),"") | L27: No | O27: 2 | P27: =IF($H27="Tutor",((BQ27<>"")*(BR27=""))+((BW27<>"")*(BX27=""))+((CC27<>"")*(CD27=""))+((CI27<>"")*(CJ27=""))+((CO27<>"")*(CP27="")),SUMPRODUCT(--($BO$3:$BO$202=$A27),--($BR$3:$BR$202=""))+SUMPRODUCT(--($BU$3:$BU$202=$A27),--($BX$3:$BX$202=""))+SUMPRODUCT(--($CA$3:$CA$202=$A27),--($CD$3:$CD$202=""))+SUMPRODUCT(--($CG$3:$CG$202=$A27),--($CJ$3:$CJ$202=""))+SUMPRODUCT(--($CM$3:$CM$202=$A27),--($CP$3:$CP$202=""))) | Q27: =IF($H27="Tutor",(BQ27<>"")+(BW27<>"")+(CC27<>"")+(CI27<>"")+(CO27<>""),SUMPRODUCT(--($BO$3:$BO$202=$A27))+SUMPRODUCT(--($BU$3:$BU$202=$A27))+SUMPRODUCT(--($CA$3:$CA$202=$A27))+SUMPRODUCT(--($CG$3:$CG$202=$A27))+SUMPRODUCT(--($CM$3:$CM$202=$A27))) | R27: =IF($H27="Tutor",TRIM(IF(AND(BQ27<>"",BR27=""),BP27&"; ","")&IF(AND(BW27<>"",BX27=""),BV27&"; ","")&IF(AND(CC27<>"",CD27=""),CB27&"; ","")&IF(AND(CI27<>"",CJ27=""),CH27&"; ","")&IF(AND(CO27<>"",CP27=""),CN27&"; ","")),IFERROR(INDEX($A$3:$B$202,(SUMPRODUCT(($BO$3:$BO$202=$A27)*($BR$3:$BR$202="")*ROW($BO$3:$BO$202))+SUMPRODUCT(($BU$3:$BU$202=$A27)*($BX$3:$BX$202="")*ROW($BU$3:$BU$202))+SUMPRODUCT(($CA$3:$CA$202=$A27)*($CD$3:$CD$202="")*ROW($CA$3:$CA$202))+SUMPRODUCT(($CG$3:$CG$202=$A27)*($CJ$3:$CJ$202="")*ROW($CG$3:$CG$202))+SUMPRODUCT(($CM$3:$CM$202=$A27)*($CP$3:$CP$202="")*ROW($CM$3:$CM$202)))-2,2),"")) | S27: NA | V27: 45771 | W27: AEDT (UTC+11) | X27: 9am-12pm; | Y27: 12pm-3pm; | Z27: 9am-12pm; | AA27: 9am-12pm;12pm-3pm;3pm-6pm; | AB27: 6am-9am;9am-12pm; | AC27: 9am-12pm;12pm-3pm;3pm-6pm; | AD27: 9am-12pm;12pm-3pm;3pm-6pm; | AE27: In-Person | AF27: NA - Tutor | AG27: Australia | AH27: New South Wales | AI27: Kogarah | AJ27: 2217 | AK27: 36253 | AL27: Female | AM27: NA | AN27: NA - Tutor | AO27: High | AP27: China | AQ27: NA | AR27: English (C2) | AS27: None | AT27: Trades & Construction | AU27: Community Worker | AV27: NA - Tutor | AW27: Gardening; Cooking; Walking | AX27: NA - Tutor | AY27: Yes | AZ27: NA - Partner Organisation Verified | BA27: Amir Stanley | BB27: Colleague | BC27: rania.morris525@example.com | BD27: Yes | BE27: WWC6733527V | BF27: 46482 | BG27: Yes | BH27: Adults Only | BI27: Kaldor Centre for International Refugee Law | BJ27: THET Moh Moh | BK27: ZULMAN Levi | BL27: Synthetic test record. | BN27: =TRIM(IF(AND($H27="Student",$J27="ADM-ACT-MAT-CNE"),"Invalid: Student cannot be CNE. ","")&IF(AND($H27="Student",ISNUMBER($O27)),"Check: capacity set for a Student. ","")&IF(AND(LEFT($J27,11)="ADM-ACT-MAT",$P27=0),"Check: matched status but 0 active pairings. ","")&IF(AND($H27="Tutor",ISNUMBER($O27),$P27>$O27),"Check: pairings exceed capacity. ","")&IF(AND($BH27="Everyone",NOT(AND($BD27="Yes",$BG27="Yes"))),"Check: approved to tutor children but WWCC not provided/confirmed. ","")&IF(AND($P27>0,NOT(AND(OR(LEFT($AY27,3)="Yes",LEFT($AY27,2)="NA"),OR(LEFT($AZ27,3)="Yes",LEFT($AZ27,2)="NA")))),"Matched but vetting incomplete (interview/reference). ","")&IF(COUNTIF($B$3:$B$600,$B27)>1,"Duplicate participant name. ","")) | BO27: S-N-00014 | BP27: =IFERROR(VLOOKUP(BO27,$A:$B,2,FALSE),"") | BQ27: 45868 | BS27: 1 | BT27: THET Moh Moh | BU27: S-N-00019 | BV27: =IFERROR(VLOOKUP(BU27,$A:$B,2,FALSE),"") | BW27: 45919 | BY27: 1 | BZ27: SHANAHAN Jack | CS27: =IF(LEFT($J27,3)="ERR",0,1) | CT27: =IF(LEFT($J27,3)="ADM",1,0) | CU27: =IF(OR($J27="ADM-ACT-MAT-CNE",$J27="ADM-ACT-MAT-CE",$J27="ADM-INACT-M&T"),1,0) | CV27: =IF(AND(CU27=1,ISNUMBER(M27),ISNUMBER(I27)),M27-I27,"") | CW27: =IF(ISNUMBER(I27),TODAY()-I27,"") | CX27: =IF(ISNUMBER(I27),DATE(YEAR(I27),MONTH(I27),1),"") | CY27: =IFERROR(DATEDIF(AK27,TODAY(),"y"),"") | CZ27: =IF(CY27="","",IF(CY27<28,"18-27",IF(CY27<38,"28-37",IF(CY27<48,"38-47",IF(CY27<58,"48-57",IF(CY27<68,"58-67",IF(CY27<78,"68-77","78+")))))) | DA27: =IF(AND(BQ27<>"",BR27=""),N(BS27),0)+IF(AND(BW27<>"",BX27=""),N(BY27),0)+IF(AND(CC27<>"",CD27=""),N(CE27),0)+IF(AND(CI27<>"",CJ27=""),N(CK27),0)+IF(AND(CO27<>"",CP27=""),N(CQ27),0) | DB27: =ROUND(IF(BQ27<>"",N(BS27)*MAX(0,((IF(BR27="",TODAY(),BR27))-BQ27)/7),0)+IF(BW27<>"",N(BY27)*MAX(0,((IF(BX27="",TODAY(),BX27))-BW27)/7),0)+IF(CC27<>"",N(CE27)*MAX(0,((IF(CD27="",TODAY(),CD27))-CC27)/7),0)+IF(CI27<>"",N(CK27)*MAX(0,((IF(CJ27="",TODAY(),CJ27))-CI27)/7),0)+IF(CO27<>"",N(CQ27)*MAX(0,((IF(CP27="",TODAY(),CP27))-CO27)/7),0),1) | DC27: =IF(OR(TRIM(X27)="",TRIM(X27)="NA;",TRIM(X27)="NA"),0,1) | DD27: =IF(OR(TRIM(Y27)="",TRIM(Y27)="NA;",TRIM(Y27)="NA"),0,1) | DE27: =IF(OR(TRIM(Z27)="",TRIM(Z27)="NA;",TRIM(Z27)="NA"),0,1) | DF27: =IF(OR(TRIM(AA27)="",TRIM(AA27)="NA;",TRIM(AA27)="NA"),0,1) | DG27: =IF(OR(TRIM(AB27)="",TRIM(AB27)="NA;",TRIM(AB27)="NA"),0,1) | DH27: =IF(OR(TRIM(AC27)="",TRIM(AC27)="NA;",TRIM(AC27)="NA"),0,1) | DI27: =IF(OR(TRIM(AD27)="",TRIM(AD27)="NA;",TRIM(AD27)="NA"),0,1) | DJ27: =TRIM(IF(DC27=1,"Mon ","")&IF(DD27=1,"Tue ","")&IF(DE27=1,"Wed ","")&IF(DF27=1,"Thu ","")&IF(DG27=1,"Fri ","")&IF(DH27=1,"Sat ","")&IF(DI27=1,"Sun ",""))
A28: T-O-00026 | B28: Mark Stanley | C28: mark.stanley26@example.com | D28: +61 448 842 653 | E28: Tariq Jones | F28: +61 447 686 972 | G28: Caseworker | H28: Tutor | I28: 45462 | J28: ADM-ACT-MAT-CNE | K28: =IFERROR(VLOOKUP(J28,'(A) Introduction'!$B$35:$C$45,2,FALSE),"") | L28: No | O28: 3 | P28: =IF($H28="Tutor",((BQ28<>"")*(BR28=""))+((BW28<>"")*(BX28=""))+((CC28<>"")*(CD28=""))+((CI28<>"")*(CJ28=""))+((CO28<>"")*(CP28="")),SUMPRODUCT(--($BO$3:$BO$202=$A28),--($BR$3:$BR$202=""))+SUMPRODUCT(--($BU$3:$BU$202=$A28),--($BX$3:$BX$202=""))+SUMPRODUCT(--($CA$3:$CA$202=$A28),--($CD$3:$CD$202=""))+SUMPRODUCT(--($CG$3:$CG$202=$A28),--($CJ$3:$CJ$202=""))+SUMPRODUCT(--($CM$3:$CM$202=$A28),--($CP$3:$CP$202=""))) | Q28: =IF($H28="Tutor",(BQ28<>"")+(BW28<>"")+(CC28<>"")+(CI28<>"")+(CO28<>""),SUMPRODUCT(--($BO$3:$BO$202=$A28))+SUMPRODUCT(--($BU$3:$BU$202=$A28))+SUMPRODUCT(--($CA$3:$CA$202=$A28))+SUMPRODUCT(--($CG$3:$CG$202=$A28))+SUMPRODUCT(--($CM$3:$CM$202=$A28))) | R28: =IF($H28="Tutor",TRIM(IF(AND(BQ28<>"",BR28=""),BP28&"; ","")&IF(AND(BW28<>"",BX28=""),BV28&"; ","")&IF(AND(CC28<>"",CD28=""),CB28&"; ","")&IF(AND(CI28<>"",CJ28=""),CH28&"; ","")&IF(AND(CO28<>"",CP28=""),CN28&"; ","")),IFERROR(INDEX($A$3:$B$202,(SUMPRODUCT(($BO$3:$BO$202=$A28)*($BR$3:$BR$202="")*ROW($BO$3:$BO$202))+SUMPRODUCT(($BU$3:$BU$202=$A28)*($BX$3:$BX$202="")*ROW($BU$3:$BU$202))+SUMPRODUCT(($CA$3:$CA$202=$A28)*($CD$3:$CD$202="")*ROW($CA$3:$CA$202))+SUMPRODUCT(($CG$3:$CG$202=$A28)*($CJ$3:$CJ$202="")*ROW($CG$3:$CG$202))+SUMPRODUCT(($CM$3:$CM$202=$A28)*($CP$3:$CP$202="")*ROW($CM$3:$CM$202)))-2,2),"")) | S28: Provided | V28: 46146 | W28: ACDT (UTC+10:30) | X28: 12pm-3pm; | Y28: 6pm-9pm; | Z28: NA; | AA28: 9am-12pm;12pm-3pm;3pm-6pm; | AB28: 6am-9am;9am-12pm; | AC28: 12pm-3pm; | AD28: 6pm-9pm; | AE28: Either | AF28: NA - Tutor | AG28: Australia | AH28: Queensland | AI28: Logan | AJ28: 4114 | AK28: 36145 | AL28: Male | AM28: NA | AN28: NA - Tutor | AO28: High | AP28: Vietnam | AQ28: NA | AR28: English (C2) | AS28: Hindu | AT28: Business & Finance | AU28: Nurse | AV28: NA - Tutor | AW28: Cooking; Reading; Music | AX28: NA - Tutor | AY28: Yes | AZ28: No | BA28: Laura Hall | BB28: Friend | BC28: peter.petrov526@example.com | BD28: Yes | BE28: WWC3601637V | BF28: 47102 | BG28: Yes | BH28: Adults Only | BI28: Kaldor Centre for International Refugee Law | BJ28: SHANAHAN Jack | BK28: HALLORAN Isobel | BL28: Synthetic test record. | BN28: =TRIM(IF(AND($H28="Student",$J28="ADM-ACT-MAT-CNE"),"Invalid: Student cannot be CNE. ","")&IF(AND($H28="Student",ISNUMBER($O28)),"Check: capacity set for a Student. ","")&IF(AND(LEFT($J28,11)="ADM-ACT-MAT",$P28=0),"Check: matched status but 0 active pairings. ","")&IF(AND($H28="Tutor",ISNUMBER($O28),$P28>$O28),"Check: pairings exceed capacity. ","")&IF(AND($BH28="Everyone",NOT(AND($BD28="Yes",$BG28="Yes"))),"Check: approved to tutor children but WWCC not provided/confirmed. ","")&IF(AND($P28>0,NOT(AND(OR(LEFT($AY28,3)="Yes",LEFT($AY28,2)="NA"),OR(LEFT($AZ28,3)="Yes",LEFT($AZ28,2)="NA")))),"Matched but vetting incomplete (interview/reference). ","")&IF(COUNTIF($B$3:$B$600,$B28)>1,"Duplicate participant name. ","")) | BO28: S-O-00019 | BP28: =IFERROR(VLOOKUP(BO28,$A:$B,2,FALSE),"") | BQ28: 45545 | BS28: 1 | BT28: KNIJNIK Marina | CS28: =IF(LEFT($J28,3)="ERR",0,1) | CT28: =IF(LEFT($J28,3)="ADM",1,0) | CU28: =IF(OR($J28="ADM-ACT-MAT-CNE",$J28="ADM-ACT-MAT-CE",$J28="ADM-INACT-M&T"),1,0) | CV28: =IF(AND(CU28=1,ISNUMBER(M28),ISNUMBER(I28)),M28-I28,"") | CW28: =IF(ISNUMBER(I28),TODAY()-I28,"") | CX28: =IF(ISNUMBER(I28),DATE(YEAR(I28),MONTH(I28),1),"") | CY28: =IFERROR(DATEDIF(AK28,TODAY(),"y"),"") | CZ28: =IF(CY28="","",IF(CY28<28,"18-27",IF(CY28<38,"28-37",IF(CY28<48,"38-47",IF(CY28<58,"48-57",IF(CY28<68,"58-67",IF(CY28<78,"68-77","78+")))))) | DA28: =IF(AND(BQ28<>"",BR28=""),N(BS28),0)+IF(AND(BW28<>"",BX28=""),N(BY28),0)+IF(AND(CC28<>"",CD28=""),N(CE28),0)+IF(AND(CI28<>"",CJ28=""),N(CK28),0)+IF(AND(CO28<>"",CP28=""),N(CQ28),0) | DB28: =ROUND(IF(BQ28<>"",N(BS28)*MAX(0,((IF(BR28="",TODAY(),BR28))-BQ28)/7),0)+IF(BW28<>"",N(BY28)*MAX(0,((IF(BX28="",TODAY(),BX28))-BW28)/7),0)+IF(CC28<>"",N(CE28)*MAX(0,((IF(CD28="",TODAY(),CD28))-CC28)/7),0)+IF(CI28<>"",N(CK28)*MAX(0,((IF(CJ28="",TODAY(),CJ28))-CI28)/7),0)+IF(CO28<>"",N(CQ28)*MAX(0,((IF(CP28="",TODAY(),CP28))-CO28)/7),0),1) | DC28: =IF(OR(TRIM(X28)="",TRIM(X28)="NA;",TRIM(X28)="NA"),0,1) | DD28: =IF(OR(TRIM(Y28)="",TRIM(Y28)="NA;",TRIM(Y28)="NA"),0,1) | DE28: =IF(OR(TRIM(Z28)="",TRIM(Z28)="NA;",TRIM(Z28)="NA"),0,1) | DF28: =IF(OR(TRIM(AA28)="",TRIM(AA28)="NA;",TRIM(AA28)="NA"),0,1) | DG28: =IF(OR(TRIM(AB28)="",TRIM(AB28)="NA;",TRIM(AB28)="NA"),0,1) | DH28: =IF(OR(TRIM(AC28)="",TRIM(AC28)="NA;",TRIM(AC28)="NA"),0,1) | DI28: =IF(OR(TRIM(AD28)="",TRIM(AD28)="NA;",TRIM(AD28)="NA"),0,1) | DJ28: =TRIM(IF(DC28=1,"Mon ","")&IF(DD28=1,"Tue ","")&IF(DE28=1,"Wed ","")&IF(DF28=1,"Thu ","")&IF(DG28=1,"Fri ","")&IF(DH28=1,"Sat ","")&IF(DI28=1,"Sun ",""))
A29: T-O-00027 | B29: Pedro Nguyen | C29: pedro.nguyen27@example.com | D29: +61 478 417 961 | E29: Carlos Hassan | F29: +61 497 567 212 | G29: Friend | H29: Tutor | I29: 45463 | J29: ADM-ACT-MAT-CE | K29: =IFERROR(VLOOKUP(J29,'(A) Introduction'!$B$35:$C$45,2,FALSE),"") | L29: No | O29: 1 | P29: =IF($H29="Tutor",((BQ29<>"")*(BR29=""))+((BW29<>"")*(BX29=""))+((CC29<>"")*(CD29=""))+((CI29<>"")*(CJ29=""))+((CO29<>"")*(CP29="")),SUMPRODUCT(--($BO$3:$BO$202=$A29),--($BR$3:$BR$202=""))+SUMPRODUCT(--($BU$3:$BU$202=$A29),--($BX$3:$BX$202=""))+SUMPRODUCT(--($CA$3:$CA$202=$A29),--($CD$3:$CD$202=""))+SUMPRODUCT(--($CG$3:$CG$202=$A29),--($CJ$3:$CJ$202=""))+SUMPRODUCT(--($CM$3:$CM$202=$A29),--($CP$3:$CP$202=""))) | Q29: =IF($H29="Tutor",(BQ29<>"")+(BW29<>"")+(CC29<>"")+(CI29<>"")+(CO29<>""),SUMPRODUCT(--($BO$3:$BO$202=$A29))+SUMPRODUCT(--($BU$3:$BU$202=$A29))+SUMPRODUCT(--($CA$3:$CA$202=$A29))+SUMPRODUCT(--($CG$3:$CG$202=$A29))+SUMPRODUCT(--($CM$3:$CM$202=$A29))) | R29: =IF($H29="Tutor",TRIM(IF(AND(BQ29<>"",BR29=""),BP29&"; ","")&IF(AND(BW29<>"",BX29=""),BV29&"; ","")&IF(AND(CC29<>"",CD29=""),CB29&"; ","")&IF(AND(CI29<>"",CJ29=""),CH29&"; ","")&IF(AND(CO29<>"",CP29=""),CN29&"; ","")),IFERROR(INDEX($A$3:$B$202,(SUMPRODUCT(($BO$3:$BO$202=$A29)*($BR$3:$BR$202="")*ROW($BO$3:$BO$202))+SUMPRODUCT(($BU$3:$BU$202=$A29)*($BX$3:$BX$202="")*ROW($BU$3:$BU$202))+SUMPRODUCT(($CA$3:$CA$202=$A29)*($CD$3:$CD$202="")*ROW($CA$3:$CA$202))+SUMPRODUCT(($CG$3:$CG$202=$A29)*($CJ$3:$CJ$202="")*ROW($CG$3:$CG$202))+SUMPRODUCT(($CM$3:$CM$202=$A29)*($CP$3:$CP$202="")*ROW($CM$3:$CM$202)))-2,2),"")) | S29: Provided | V29: 45794 | W29: ACDT (UTC+10:30) | X29: 6am-9am;9am-12pm; | Y29: 12pm-3pm; | Z29: 6pm-9pm; | AA29: 6pm-9pm; | AB29: 12pm-3pm; | AC29: 6am-9am;9am-12pm; | AD29: 6pm-9pm; | AE29: Either | AF29: NA - Tutor | AG29: Australia | AH29: Victoria | AI29: Footscray | AJ29: 3011 | AK29: 28665 | AL29: Other | AM29: NA | AN29: NA - Tutor | AO29: High | AP29: Australia | AQ29: NA | AR29: Pashto (C2) | AS29: Christian (Orthodox) | AT29: Business & Finance | AU29: Lawyer | AV29: NA - Tutor | AW29: Cooking; Reading; Music | AX29: NA - Tutor | AY29: Yes | AZ29: Yes | BA29: Carlos Lopez | BB29: Academic Referee | BC29: luke.petrov527@example.com | BD29: Yes | BE29: WWC9802632E | BF29: 46618 | BG29: No | BH29: Adults Only | BI29: Kaldor Centre for International Refugee Law | BJ29: HALLORAN Isobel | BK29: SINGH Veera | BL29: Synthetic test record. | BN29: =TRIM(IF(AND($H29="Student",$J29="ADM-ACT-MAT-CNE"),"Invalid: Student cannot be CNE. ","")&IF(AND($H29="Student",ISNUMBER($O29)),"Check: capacity set for a Student. ","")&IF(AND(LEFT($J29,11)="ADM-ACT-MAT",$P29=0),"Check: matched status but 0 active pairings. ","")&IF(AND($H29="Tutor",ISNUMBER($O29),$P29>$O29),"Check: pairings exceed capacity. ","")&IF(AND($BH29="Everyone",NOT(AND($BD29="Yes",$BG29="Yes"))),"Check: approved to tutor children but WWCC not provided/confirmed. ","")&IF(AND($P29>0,NOT(AND(OR(LEFT($AY29,3)="Yes",LEFT($AY29,2)="NA"),OR(LEFT($AZ29,3)="Yes",LEFT($AZ29,2)="NA")))),"Matched but vetting incomplete (interview/reference). ","")&IF(COUNTIF($B$3:$B$600,$B29)>1,"Duplicate participant name. ","")) | BO29: S-N-00047 | BP29: =IFERROR(VLOOKUP(BO29,$A:$B,2,FALSE),"") | BQ29: 46055 | BS29: 1.5 | BT29: SHANAHAN Jack | CS29: =IF(LEFT($J29,3)="ERR",0,1) | CT29: =IF(LEFT($J29,3)="ADM",1,0) | CU29: =IF(OR($J29="ADM-ACT-MAT-CNE",$J29="ADM-ACT-MAT-CE",$J29="ADM-INACT-M&T"),1,0) | CV29: =IF(AND(CU29=1,ISNUMBER(M29),ISNUMBER(I29)),M29-I29,"") | CW29: =IF(ISNUMBER(I29),TODAY()-I29,"") | CX29: =IF(ISNUMBER(I29),DATE(YEAR(I29),MONTH(I29),1),"") | CY29: =IFERROR(DATEDIF(AK29,TODAY(),"y"),"") | CZ29: =IF(CY29="","",IF(CY29<28,"18-27",IF(CY29<38,"28-37",IF(CY29<48,"38-47",IF(CY29<58,"48-57",IF(CY29<68,"58-67",IF(CY29<78,"68-77","78+")))))) | DA29: =IF(AND(BQ29<>"",BR29=""),N(BS29),0)+IF(AND(BW29<>"",BX29=""),N(BY29),0)+IF(AND(CC29<>"",CD29=""),N(CE29),0)+IF(AND(CI29<>"",CJ29=""),N(CK29),0)+IF(AND(CO29<>"",CP29=""),N(CQ29),0) | DB29: =ROUND(IF(BQ29<>"",N(BS29)*MAX(0,((IF(BR29="",TODAY(),BR29))-BQ29)/7),0)+IF(BW29<>"",N(BY29)*MAX(0,((IF(BX29="",TODAY(),BX29))-BW29)/7),0)+IF(CC29<>"",N(CE29)*MAX(0,((IF(CD29="",TODAY(),CD29))-CC29)/7),0)+IF(CI29<>"",N(CK29)*MAX(0,((IF(CJ29="",TODAY(),CJ29))-CI29)/7),0)+IF(CO29<>"",N(CQ29)*MAX(0,((IF(CP29="",TODAY(),CP29))-CO29)/7),0),1) | DC29: =IF(OR(TRIM(X29)="",TRIM(X29)="NA;",TRIM(X29)="NA"),0,1) | DD29: =IF(OR(TRIM(Y29)="",TRIM(Y29)="NA;",TRIM(Y29)="NA"),0,1) | DE29: =IF(OR(TRIM(Z29)="",TRIM(Z29)="NA;",TRIM(Z29)="NA"),0,1) | DF29: =IF(OR(TRIM(AA29)="",TRIM(AA29)="NA;",TRIM(AA29)="NA"),0,1) | DG29: =IF(OR(TRIM(AB29)="",TRIM(AB29)="NA;",TRIM(AB29)="NA"),0,1) | DH29: =IF(OR(TRIM(AC29)="",TRIM(AC29)="NA;",TRIM(AC29)="NA"),0,1) | DI29: =IF(OR(TRIM(AD29)="",TRIM(AD29)="NA;",TRIM(AD29)="NA"),0,1) | DJ29: =TRIM(IF(DC29=1,"Mon ","")&IF(DD29=1,"Tue ","")&IF(DE29=1,"Wed ","")&IF(DF29=1,"Thu ","")&IF(DG29=1,"Fri ","")&IF(DH29=1,"Sat ","")&IF(DI29=1,"Sun ",""))
A30: T-O-00028 | B30: Sarah Hadaya | C30: sarah.hadaya28@example.com | D30: +61 418 133 553 | E30: Bilal Lee | F30: +61 428 968 629 | G30: Spouse | H30: Tutor | I30: 45471 | J30: NADM-REJ-UNSUIT | K30: =IFERROR(VLOOKUP(J30,'(A) Introduction'!$B$35:$C$45,2,FALSE),"") | L30: Yes - see ''Comments'' | O30: 2 | P30: =IF($H30="Tutor",((BQ30<>"")*(BR30=""))+((BW30<>"")*(BX30=""))+((CC30<>"")*(CD30=""))+((CI30<>"")*(CJ30=""))+((CO30<>"")*(CP30="")),SUMPRODUCT(--($BO$3:$BO$202=$A30),--($BR$3:$BR$202=""))+SUMPRODUCT(--($BU$3:$BU$202=$A30),--($BX$3:$BX$202=""))+SUMPRODUCT(--($CA$3:$CA$202=$A30),--($CD$3:$CD$202=""))+SUMPRODUCT(--($CG$3:$CG$202=$A30),--($CJ$3:$CJ$202=""))+SUMPRODUCT(--($CM$3:$CM$202=$A30),--($CP$3:$CP$202=""))) | Q30: =IF($H30="Tutor",(BQ30<>"")+(BW30<>"")+(CC30<>"")+(CI30<>"")+(CO30<>""),SUMPRODUCT(--($BO$3:$BO$202=$A30))+SUMPRODUCT(--($BU$3:$BU$202=$A30))+SUMPRODUCT(--($CA$3:$CA$202=$A30))+SUMPRODUCT(--($CG$3:$CG$202=$A30))+SUMPRODUCT(--($CM$3:$CM$202=$A30))) | R30: =IF($H30="Tutor",TRIM(IF(AND(BQ30<>"",BR30=""),BP30&"; ","")&IF(AND(BW30<>"",BX30=""),BV30&"; ","")&IF(AND(CC30<>"",CD30=""),CB30&"; ","")&IF(AND(CI30<>"",CJ30=""),CH30&"; ","")&IF(AND(CO30<>"",CP30=""),CN30&"; ","")),IFERROR(INDEX($A$3:$B$202,(SUMPRODUCT(($BO$3:$BO$202=$A30)*($BR$3:$BR$202="")*ROW($BO$3:$BO$202))+SUMPRODUCT(($BU$3:$BU$202=$A30)*($BX$3:$BX$202="")*ROW($BU$3:$BU$202))+SUMPRODUCT(($CA$3:$CA$202=$A30)*($CD$3:$CD$202="")*ROW($CA$3:$CA$202))+SUMPRODUCT(($CG$3:$CG$202=$A30)*($CJ$3:$CJ$202="")*ROW($CG$3:$CG$202))+SUMPRODUCT(($CM$3:$CM$202=$A30)*($CP$3:$CP$202="")*ROW($CM$3:$CM$202)))-2,2),"")) | S30: Provided | W30: AEST (UTC+10) | X30: NA; | Y30: 9am-12pm; | Z30: NA; | AA30: 6am-9am;9am-12pm; | AB30: 12pm-3pm; | AC30: 6am-9am;9am-12pm; | AD30: NA; | AE30: Online | AF30: NA - Tutor | AG30: Australia | AH30: New South Wales | AI30: Doonside | AJ30: 2767 | AK30: 26994 | AL30: Female | AM30: NA | AN30: NA - Tutor | AO30: Moderate | AP30: United Kingdom | AQ30: NA | AR30: English (C2) | AS30: Hindu | AT30: Military & Public Safety | AU30: Teacher | AV30: NA - Tutor | AW30: Reading; Politics; Music | AX30: NA - Tutor | AY30: Yes | AZ30: NA - Partner Organisation Verified | BA30: Chloe Walker | BB30: Academic Referee | BC30: rania.drobushar528@example.com | BD30: Yes | BE30: WWC8855414V | BF30: 46185 | BG30: No | BH30: Adults Only | BI30: University of Sydney (including St. Paul's College) | BJ30: SINGH Veera | BK30: CROCK Mary | BL30: Synthetic test record. Blacklisted for testing. | BN30: =TRIM(IF(AND($H30="Student",$J30="ADM-ACT-MAT-CNE"),"Invalid: Student cannot be CNE. ","")&IF(AND($H30="Student",ISNUMBER($O30)),"Check: capacity set for a Student. ","")&IF(AND(LEFT($J30,11)="ADM-ACT-MAT",$P30=0),"Check: matched status but 0 active pairings. ","")&IF(AND($H30="Tutor",ISNUMBER($O30),$P30>$O30),"Check: pairings exceed capacity. ","")&IF(AND($BH30="Everyone",NOT(AND($BD30="Yes",$BG30="Yes"))),"Check: approved to tutor children but WWCC not provided/confirmed. ","")&IF(AND($P30>0,NOT(AND(OR(LEFT($AY30,3)="Yes",LEFT($AY30,2)="NA"),OR(LEFT($AZ30,3)="Yes",LEFT($AZ30,2)="NA")))),"Matched but vetting incomplete (interview/reference). ","")&IF(COUNTIF($B$3:$B$600,$B30)>1,"Duplicate participant name. ","")) | CS30: =IF(LEFT($J30,3)="ERR",0,1) | CT30: =IF(LEFT($J30,3)="ADM",1,0) | CU30: =IF(OR($J30="ADM-ACT-MAT-CNE",$J30="ADM-ACT-MAT-CE",$J30="ADM-INACT-M&T"),1,0) | CV30: =IF(AND(CU30=1,ISNUMBER(M30),ISNUMBER(I30)),M30-I30,"") | CW30: =IF(ISNUMBER(I30),TODAY()-I30,"") | CX30: =IF(ISNUMBER(I30),DATE(YEAR(I30),MONTH(I30),1),"") | CY30: =IFERROR(DATEDIF(AK30,TODAY(),"y"),"") | CZ30: =IF(CY30="","",IF(CY30<28,"18-27",IF(CY30<38,"28-37",IF(CY30<48,"38-47",IF(CY30<58,"48-57",IF(CY30<68,"58-67",IF(CY30<78,"68-77","78+")))))) | DA30: =IF(AND(BQ30<>"",BR30=""),N(BS30),0)+IF(AND(BW30<>"",BX30=""),N(BY30),0)+IF(AND(CC30<>"",CD30=""),N(CE30),0)+IF(AND(CI30<>"",CJ30=""),N(CK30),0)+IF(AND(CO30<>"",CP30=""),N(CQ30),0) | DB30: =ROUND(IF(BQ30<>"",N(BS30)*MAX(0,((IF(BR30="",TODAY(),BR30))-BQ30)/7),0)+IF(BW30<>"",N(BY30)*MAX(0,((IF(BX30="",TODAY(),BX30))-BW30)/7),0)+IF(CC30<>"",N(CE30)*MAX(0,((IF(CD30="",TODAY(),CD30))-CC30)/7),0)+IF(CI30<>"",N(CK30)*MAX(0,((IF(CJ30="",TODAY(),CJ30))-CI30)/7),0)+IF(CO30<>"",N(CQ30)*MAX(0,((IF(CP30="",TODAY(),CP30))-CO30)/7),0),1) | DC30: =IF(OR(TRIM(X30)="",TRIM(X30)="NA;",TRIM(X30)="NA"),0,1) | DD30: =IF(OR(TRIM(Y30)="",TRIM(Y30)="NA;",TRIM(Y30)="NA"),0,1) | DE30: =IF(OR(TRIM(Z30)="",TRIM(Z30)="NA;",TRIM(Z30)="NA"),0,1) | DF30: =IF(OR(TRIM(AA30)="",TRIM(AA30)="NA;",TRIM(AA30)="NA"),0,1) | DG30: =IF(OR(TRIM(AB30)="",TRIM(AB30)="NA;",TRIM(AB30)="NA"),0,1) | DH30: =IF(OR(TRIM(AC30)="",TRIM(AC30)="NA;",TRIM(AC30)="NA"),0,1) | DI30: =IF(OR(TRIM(AD30)="",TRIM(AD30)="NA;",TRIM(AD30)="NA"),0,1) | DJ30: =TRIM(IF(DC30=1,"Mon ","")&IF(DD30=1,"Tue ","")&IF(DE30=1,"Wed ","")&IF(DF30=1,"Thu ","")&IF(DG30=1,"Fri ","")&IF(DH30=1,"Sat ","")&IF(DI30=1,"Sun ",""))
A31: T-O-00029 | B31: Dmytro Taylor | C31: dmytro.taylor29@example.com | D31: +61 454 702 110 | E31: Chloe Ibrahim | F31: +61 455 462 909 | G31: Parent | H31: Tutor | I31: 45492 | J31: ADM-ACT-MAT-CNE | K31: =IFERROR(VLOOKUP(J31,'(A) Introduction'!$B$35:$C$45,2,FALSE),"") | L31: No | O31: 2 | P31: =IF($H31="Tutor",((BQ31<>"")*(BR31=""))+((BW31<>"")*(BX31=""))+((CC31<>"")*(CD31=""))+((CI31<>"")*(CJ31=""))+((CO31<>"")*(CP31="")),SUMPRODUCT(--($BO$3:$BO$202=$A31),--($BR$3:$BR$202=""))+SUMPRODUCT(--($BU$3:$BU$202=$A31),--($BX$3:$BX$202=""))+SUMPRODUCT(--($CA$3:$CA$202=$A31),--($CD$3:$CD$202=""))+SUMPRODUCT(--($CG$3:$CG$202=$A31),--($CJ$3:$CJ$202=""))+SUMPRODUCT(--($CM$3:$CM$202=$A31),--($CP$3:$CP$202=""))) | Q31: =IF($H31="Tutor",(BQ31<>"")+(BW31<>"")+(CC31<>"")+(CI31<>"")+(CO31<>""),SUMPRODUCT(--($BO$3:$BO$202=$A31))+SUMPRODUCT(--($BU$3:$BU$202=$A31))+SUMPRODUCT(--($CA$3:$CA$202=$A31))+SUMPRODUCT(--($CG$3:$CG$202=$A31))+SUMPRODUCT(--($CM$3:$CM$202=$A31))) | R31: =IF($H31="Tutor",TRIM(IF(AND(BQ31<>"",BR31=""),BP31&"; ","")&IF(AND(BW31<>"",BX31=""),BV31&"; ","")&IF(AND(CC31<>"",CD31=""),CB31&"; ","")&IF(AND(CI31<>"",CJ31=""),CH31&"; ","")&IF(AND(CO31<>"",CP31=""),CN31&"; ","")),IFERROR(INDEX($A$3:$B$202,(SUMPRODUCT(($BO$3:$BO$202=$A31)*($BR$3:$BR$202="")*ROW($BO$3:$BO$202))+SUMPRODUCT(($BU$3:$BU$202=$A31)*($BX$3:$BX$202="")*ROW($BU$3:$BU$202))+SUMPRODUCT(($CA$3:$CA$202=$A31)*($CD$3:$CD$202="")*ROW($CA$3:$CA$202))+SUMPRODUCT(($CG$3:$CG$202=$A31)*($CJ$3:$CJ$202="")*ROW($CG$3:$CG$202))+SUMPRODUCT(($CM$3:$CM$202=$A31)*($CP$3:$CP$202="")*ROW($CM$3:$CM$202)))-2,2),"")) | S31: NA | V31: 46154 | W31: AEDT (UTC+11) | X31: 6pm-9pm; | Y31: 6pm-9pm; | Z31: 6am-9am;9am-12pm; | AA31: 9am-12pm; | AB31: 6pm-9pm; | AC31: 9am-12pm; | AD31: 3pm-6pm; | AE31: Either | AF31: NA - Tutor | AG31: Australia | AH31: New South Wales | AI31: Marrickville | AJ31: 2204 | AK31: 33019 | AL31: Other | AM31: NA | AN31: NA - Tutor | AO31: High | AP31: Israel | AQ31: NA | AR31: English (C2) | AS31: None | AT31: Law & Legal Services | AU31: Retail | AV31: NA - Tutor | AW31: Football; Cooking; Family | AX31: NA - Tutor | AY31: NA - RELT Member Verified | AZ31: Yes | BA31: Pedro Fernando | BB31: Friend | BC31: hala.levi529@example.com | BD31: Pending | BG31: Yes | BH31: Adults Only | BI31: Tasmania University (including the Law Society) | BJ31: THET Moh Moh | BK31: SHANAHAN Jack | BL31: Synthetic test record. | BN31: =TRIM(IF(AND($H31="Student",$J31="ADM-ACT-MAT-CNE"),"Invalid: Student cannot be CNE. ","")&IF(AND($H31="Student",ISNUMBER($O31)),"Check: capacity set for a Student. ","")&IF(AND(LEFT($J31,11)="ADM-ACT-MAT",$P31=0),"Check: matched status but 0 active pairings. ","")&IF(AND($H31="Tutor",ISNUMBER($O31),$P31>$O31),"Check: pairings exceed capacity. ","")&IF(AND($BH31="Everyone",NOT(AND($BD31="Yes",$BG31="Yes"))),"Check: approved to tutor children but WWCC not provided/confirmed. ","")&IF(AND($P31>0,NOT(AND(OR(LEFT($AY31,3)="Yes",LEFT($AY31,2)="NA"),OR(LEFT($AZ31,3)="Yes",LEFT($AZ31,2)="NA")))),"Matched but vetting incomplete (interview/reference). ","")&IF(COUNTIF($B$3:$B$600,$B31)>1,"Duplicate participant name. ","")) | BO31: S-O-00021 | BP31: =IFERROR(VLOOKUP(BO31,$A:$B,2,FALSE),"") | BQ31: 45494 | BS31: 1 | BT31: HALLORAN Isobel | BU31: S-N-00003 | BV31: =IFERROR(VLOOKUP(BU31,$A:$B,2,FALSE),"") | BW31: 45753 | BX31: 45814 | BY31: 1.5 | BZ31: HERVIR Oliver | CS31: =IF(LEFT($J31,3)="ERR",0,1) | CT31: =IF(LEFT($J31,3)="ADM",1,0) | CU31: =IF(OR($J31="ADM-ACT-MAT-CNE",$J31="ADM-ACT-MAT-CE",$J31="ADM-INACT-M&T"),1,0) | CV31: =IF(AND(CU31=1,ISNUMBER(M31),ISNUMBER(I31)),M31-I31,"") | CW31: =IF(ISNUMBER(I31),TODAY()-I31,"") | CX31: =IF(ISNUMBER(I31),DATE(YEAR(I31),MONTH(I31),1),"") | CY31: =IFERROR(DATEDIF(AK31,TODAY(),"y"),"") | CZ31: =IF(CY31="","",IF(CY31<28,"18-27",IF(CY31<38,"28-37",IF(CY31<48,"38-47",IF(CY31<58,"48-57",IF(CY31<68,"58-67",IF(CY31<78,"68-77","78+")))))) | DA31: =IF(AND(BQ31<>"",BR31=""),N(BS31),0)+IF(AND(BW31<>"",BX31=""),N(BY31),0)+IF(AND(CC31<>"",CD31=""),N(CE31),0)+IF(AND(CI31<>"",CJ31=""),N(CK31),0)+IF(AND(CO31<>"",CP31=""),N(CQ31),0) | DB31: =ROUND(IF(BQ31<>"",N(BS31)*MAX(0,((IF(BR31="",TODAY(),BR31))-BQ31)/7),0)+IF(BW31<>"",N(BY31)*MAX(0,((IF(BX31="",TODAY(),BX31))-BW31)/7),0)+IF(CC31<>"",N(CE31)*MAX(0,((IF(CD31="",TODAY(),CD31))-CC31)/7),0)+IF(CI31<>"",N(CK31)*MAX(0,((IF(CJ31="",TODAY(),CJ31))-CI31)/7),0)+IF(CO31<>"",N(CQ31)*MAX(0,((IF(CP31="",TODAY(),CP31))-CO31)/7),0),1) | DC31: =IF(OR(TRIM(X31)="",TRIM(X31)="NA;",TRIM(X31)="NA"),0,1) | DD31: =IF(OR(TRIM(Y31)="",TRIM(Y31)="NA;",TRIM(Y31)="NA"),0,1) | DE31: =IF(OR(TRIM(Z31)="",TRIM(Z31)="NA;",TRIM(Z31)="NA"),0,1) | DF31: =IF(OR(TRIM(AA31)="",TRIM(AA31)="NA;",TRIM(AA31)="NA"),0,1) | DG31: =IF(OR(TRIM(AB31)="",TRIM(AB31)="NA;",TRIM(AB31)="NA"),0,1) | DH31: =IF(OR(TRIM(AC31)="",TRIM(AC31)="NA;",TRIM(AC31)="NA"),0,1) | DI31: =IF(OR(TRIM(AD31)="",TRIM(AD31)="NA;",TRIM(AD31)="NA"),0,1) | DJ31: =TRIM(IF(DC31=1,"Mon ","")&IF(DD31=1,"Tue ","")&IF(DE31=1,"Wed ","")&IF(DF31=1,"Thu ","")&IF(DG31=1,"Fri ","")&IF(DH31=1,"Sat ","")&IF(DI31=1,"Sun ",""))
A32: T-O-00030 | B32: Chloe Nguyen | C32: chloe.nguyen30@example.com | D32: +61 454 320 681 | E32: Anya Green | F32: +61 439 360 106 | G32: Friend | H32: Tutor | I32: 45499 | J32: ADM-ACT-UNMAT | K32: =IFERROR(VLOOKUP(J32,'(A) Introduction'!$B$35:$C$45,2,FALSE),"") | L32: No | O32: 2 | P32: =IF($H32="Tutor",((BQ32<>"")*(BR32=""))+((BW32<>"")*(BX32=""))+((CC32<>"")*(CD32=""))+((CI32<>"")*(CJ32=""))+((CO32<>"")*(CP32="")),SUMPRODUCT(--($BO$3:$BO$202=$A32),--($BR$3:$BR$202=""))+SUMPRODUCT(--($BU$3:$BU$202=$A32),--($BX$3:$BX$202=""))+SUMPRODUCT(--($CA$3:$CA$202=$A32),--($CD$3:$CD$202=""))+SUMPRODUCT(--($CG$3:$CG$202=$A32),--($CJ$3:$CJ$202=""))+SUMPRODUCT(--($CM$3:$CM$202=$A32),--($CP$3:$CP$202=""))) | Q32: =IF($H32="Tutor",(BQ32<>"")+(BW32<>"")+(CC32<>"")+(CI32<>"")+(CO32<>""),SUMPRODUCT(--($BO$3:$BO$202=$A32))+SUMPRODUCT(--($BU$3:$BU$202=$A32))+SUMPRODUCT(--($CA$3:$CA$202=$A32))+SUMPRODUCT(--($CG$3:$CG$202=$A32))+SUMPRODUCT(--($CM$3:$CM$202=$A32))) | R32: =IF($H32="Tutor",TRIM(IF(AND(BQ32<>"",BR32=""),BP32&"; ","")&IF(AND(BW32<>"",BX32=""),BV32&"; ","")&IF(AND(CC32<>"",CD32=""),CB32&"; ","")&IF(AND(CI32<>"",CJ32=""),CH32&"; ","")&IF(AND(CO32<>"",CP32=""),CN32&"; ","")),IFERROR(INDEX($A$3:$B$202,(SUMPRODUCT(($BO$3:$BO$202=$A32)*($BR$3:$BR$202="")*ROW($BO$3:$BO$202))+SUMPRODUCT(($BU$3:$BU$202=$A32)*($BX$3:$BX$202="")*ROW($BU$3:$BU$202))+SUMPRODUCT(($CA$3:$CA$202=$A32)*($CD$3:$CD$202="")*ROW($CA$3:$CA$202))+SUMPRODUCT(($CG$3:$CG$202=$A32)*($CJ$3:$CJ$202="")*ROW($CG$3:$CG$202))+SUMPRODUCT(($CM$3:$CM$202=$A32)*($CP$3:$CP$202="")*ROW($CM$3:$CM$202)))-2,2),"")) | S32: Not Provided | V32: 45824 | W32: AEST (UTC+10) | X32: 6pm-9pm; | Y32: 6pm-9pm; | Z32: 6pm-9pm; | AA32: 6pm-9pm; | AB32: 6pm-9pm; | AC32: 12pm-3pm;6pm-9pm; | AD32: 6pm-9pm; | AE32: Either | AF32: NA - Tutor | AG32: Australia | AH32: New South Wales | AI32: Fairfield | AJ32: 2165 | AK32: 34751 | AL32: Male | AM32: NA | AN32: NA - Tutor | AO32: Moderate | AP32: Lebanon | AQ32: NA | AR32: English (C2) | AS32: Muslim | AT32: Social & Community Services | AU32: Retail | AV32: NA - Tutor | AW32: Football; Cooking; Family | AX32: NA - Tutor | AY32: NA - Partner Organisation Verified | AZ32: Yes | BA32: Camila Ibrahim | BB32: Manager | BC32: hannah.taylor530@example.com | BD32: Yes | BE32: WWC9012989V | BF32: 46327 | BG32: Yes | BH32: Adults Only | BI32: Settlement Services International | BJ32: ZULMAN Levi | BK32: AGARWAL Akanksha | BL32: Synthetic test record. | BN32: =TRIM(IF(AND($H32="Student",$J32="ADM-ACT-MAT-CNE"),"Invalid: Student cannot be CNE. ","")&IF(AND($H32="Student",ISNUMBER($O32)),"Check: capacity set for a Student. ","")&IF(AND(LEFT($J32,11)="ADM-ACT-MAT",$P32=0),"Check: matched status but 0 active pairings. ","")&IF(AND($H32="Tutor",ISNUMBER($O32),$P32>$O32),"Check: pairings exceed capacity. ","")&IF(AND($BH32="Everyone",NOT(AND($BD32="Yes",$BG32="Yes"))),"Check: approved to tutor children but WWCC not provided/confirmed. ","")&IF(AND($P32>0,NOT(AND(OR(LEFT($AY32,3)="Yes",LEFT($AY32,2)="NA"),OR(LEFT($AZ32,3)="Yes",LEFT($AZ32,2)="NA")))),"Matched but vetting incomplete (interview/reference). ","")&IF(COUNTIF($B$3:$B$600,$B32)>1,"Duplicate participant name. ","")) | CS32: =IF(LEFT($J32,3)="ERR",0,1) | CT32: =IF(LEFT($J32,3)="ADM",1,0) | CU32: =IF(OR($J32="ADM-ACT-MAT-CNE",$J32="ADM-ACT-MAT-CE",$J32="ADM-INACT-M&T"),1,0) | CV32: =IF(AND(CU32=1,ISNUMBER(M32),ISNUMBER(I32)),M32-I32,"") | CW32: =IF(ISNUMBER(I32),TODAY()-I32,"") | CX32: =IF(ISNUMBER(I32),DATE(YEAR(I32),MONTH(I32),1),"") | CY32: =IFERROR(DATEDIF(AK32,TODAY(),"y"),"") | CZ32: =IF(CY32="","",IF(CY32<28,"18-27",IF(CY32<38,"28-37",IF(CY32<48,"38-47",IF(CY32<58,"48-57",IF(CY32<68,"58-67",IF(CY32<78,"68-77","78+")))))) | DA32: =IF(AND(BQ32<>"",BR32=""),N(BS32),0)+IF(AND(BW32<>"",BX32=""),N(BY32),0)+IF(AND(CC32<>"",CD32=""),N(CE32),0)+IF(AND(CI32<>"",CJ32=""),N(CK32),0)+IF(AND(CO32<>"",CP32=""),N(CQ32),0) | DB32: =ROUND(IF(BQ32<>"",N(BS32)*MAX(0,((IF(BR32="",TODAY(),BR32))-BQ32)/7),0)+IF(BW32<>"",N(BY32)*MAX(0,((IF(BX32="",TODAY(),BX32))-BW32)/7),0)+IF(CC32<>"",N(CE32)*MAX(0,((IF(CD32="",TODAY(),CD32))-CC32)/7),0)+IF(CI32<>"",N(CK32)*MAX(0,((IF(CJ32="",TODAY(),CJ32))-CI32)/7),0)+IF(CO32<>"",N(CQ32)*MAX(0,((IF(CP32="",TODAY(),CP32))-CO32)/7),0),1) | DC32: =IF(OR(TRIM(X32)="",TRIM(X32)="NA;",TRIM(X32)="NA"),0,1) | DD32: =IF(OR(TRIM(Y32)="",TRIM(Y32)="NA;",TRIM(Y32)="NA"),0,1) | DE32: =IF(OR(TRIM(Z32)="",TRIM(Z32)="NA;",TRIM(Z32)="NA"),0,1) | DF32: =IF(OR(TRIM(AA32)="",TRIM(AA32)="NA;",TRIM(AA32)="NA"),0,1) | DG32: =IF(OR(TRIM(AB32)="",TRIM(AB32)="NA;",TRIM(AB32)="NA"),0,1) | DH32: =IF(OR(TRIM(AC32)="",TRIM(AC32)="NA;",TRIM(AC32)="NA"),0,1) | DI32: =IF(OR(TRIM(AD32)="",TRIM(AD32)="NA;",TRIM(AD32)="NA"),0,1) | DJ32: =TRIM(IF(DC32=1,"Mon ","")&IF(DD32=1,"Tue ","")&IF(DE32=1,"Wed ","")&IF(DF32=1,"Thu ","")&IF(DG32=1,"Fri ","")&IF(DH32=1,"Sat ","")&IF(DI32=1,"Sun ",""))
A33: T-O-00031 | B33: Zara Nguyen | C33: zara.nguyen31@example.com | D33: +61 471 376 117 | E33: Mohamed Ibrahim | F33: +61 448 429 464 | G33: Sibling | H33: Tutor | I33: 45510 | J33: ADM-INACT-NOM&T | K33: =IFERROR(VLOOKUP(J33,'(A) Introduction'!$B$35:$C$45,2,FALSE),"") | L33: No | O33: 2 | P33: =IF($H33="Tutor",((BQ33<>"")*(BR33=""))+((BW33<>"")*(BX33=""))+((CC33<>"")*(CD33=""))+((CI33<>"")*(CJ33=""))+((CO33<>"")*(CP33="")),SUMPRODUCT(--($BO$3:$BO$202=$A33),--($BR$3:$BR$202=""))+SUMPRODUCT(--($BU$3:$BU$202=$A33),--($BX$3:$BX$202=""))+SUMPRODUCT(--($CA$3:$CA$202=$A33),--($CD$3:$CD$202=""))+SUMPRODUCT(--($CG$3:$CG$202=$A33),--($CJ$3:$CJ$202=""))+SUMPRODUCT(--($CM$3:$CM$202=$A33),--($CP$3:$CP$202=""))) | Q33: =IF($H33="Tutor",(BQ33<>"")+(BW33<>"")+(CC33<>"")+(CI33<>"")+(CO33<>""),SUMPRODUCT(--($BO$3:$BO$202=$A33))+SUMPRODUCT(--($BU$3:$BU$202=$A33))+SUMPRODUCT(--($CA$3:$CA$202=$A33))+SUMPRODUCT(--($CG$3:$CG$202=$A33))+SUMPRODUCT(--($CM$3:$CM$202=$A33))) | R33: =IF($H33="Tutor",TRIM(IF(AND(BQ33<>"",BR33=""),BP33&"; ","")&IF(AND(BW33<>"",BX33=""),BV33&"; ","")&IF(AND(CC33<>"",CD33=""),CB33&"; ","")&IF(AND(CI33<>"",CJ33=""),CH33&"; ","")&IF(AND(CO33<>"",CP33=""),CN33&"; ","")),IFERROR(INDEX($A$3:$B$202,(SUMPRODUCT(($BO$3:$BO$202=$A33)*($BR$3:$BR$202="")*ROW($BO$3:$BO$202))+SUMPRODUCT(($BU$3:$BU$202=$A33)*($BX$3:$BX$202="")*ROW($BU$3:$BU$202))+SUMPRODUCT(($CA$3:$CA$202=$A33)*($CD$3:$CD$202="")*ROW($CA$3:$CA$202))+SUMPRODUCT(($CG$3:$CG$202=$A33)*($CJ$3:$CJ$202="")*ROW($CG$3:$CG$202))+SUMPRODUCT(($CM$3:$CM$202=$A33)*($CP$3:$CP$202="")*ROW($CM$3:$CM$202)))-2,2),"")) | S33: NA | V33: 45460 | W33: AEST (UTC+10) | X33: 12pm-3pm;6pm-9pm; | Y33: 9am-12pm;12pm-3pm;3pm-6pm; | Z33: 9am-12pm;12pm-3pm;3pm-6pm; | AA33: NA; | AB33: 3pm-6pm; | AC33: NA; | AD33: 9am-12pm; | AE33: In-Person | AF33: NA - Tutor | AG33: Australia | AH33: New South Wales | AI33: Liverpool | AJ33: 2170 | AK33: 34160 | AL33: Male | AM33: NA | AN33: NA - Tutor | AO33: High | AP33: India | AQ33: NA | AR33: English (C2) | AS33: Muslim | AT33: Childcare & Aged Care | AU33: Nurse | AV33: NA - Tutor | AW33: Football; Cooking; Family | AX33: NA - Tutor | AY33: NA - RELT Member Verified | AZ33: Yes | BA33: Ahmad Morris | BB33: Academic Referee | BC33: chloe.marks531@example.com | BD33: Yes | BE33: WWC6040020E | BF33: 47094 | BG33: No | BH33: Adults Only | BI33: AMES Australia | BJ33: CROCK Mary | BK33: ZULMAN Levi | BL33: Synthetic test record. | BN33: =TRIM(IF(AND($H33="Student",$J33="ADM-ACT-MAT-CNE"),"Invalid: Student cannot be CNE. ","")&IF(AND($H33="Student",ISNUMBER($O33)),"Check: capacity set for a Student. ","")&IF(AND(LEFT($J33,11)="ADM-ACT-MAT",$P33=0),"Check: matched status but 0 active pairings. ","")&IF(AND($H33="Tutor",ISNUMBER($O33),$P33>$O33),"Check: pairings exceed capacity. ","")&IF(AND($BH33="Everyone",NOT(AND($BD33="Yes",$BG33="Yes"))),"Check: approved to tutor children but WWCC not provided/confirmed. ","")&IF(AND($P33>0,NOT(AND(OR(LEFT($AY33,3)="Yes",LEFT($AY33,2)="NA"),OR(LEFT($AZ33,3)="Yes",LEFT($AZ33,2)="NA")))),"Matched but vetting incomplete (interview/reference). ","")&IF(COUNTIF($B$3:$B$600,$B33)>1,"Duplicate participant name. ","")) | CS33: =IF(LEFT($J33,3)="ERR",0,1) | CT33: =IF(LEFT($J33,3)="ADM",1,0) | CU33: =IF(OR($J33="ADM-ACT-MAT-CNE",$J33="ADM-ACT-MAT-CE",$J33="ADM-INACT-M&T"),1,0) | CV33: =IF(AND(CU33=1,ISNUMBER(M33),ISNUMBER(I33)),M33-I33,"") | CW33: =IF(ISNUMBER(I33),TODAY()-I33,"") | CX33: =IF(ISNUMBER(I33),DATE(YEAR(I33),MONTH(I33),1),"") | CY33: =IFERROR(DATEDIF(AK33,TODAY(),"y"),"") | CZ33: =IF(CY33="","",IF(CY33<28,"18-27",IF(CY33<38,"28-37",IF(CY33<48,"38-47",IF(CY33<58,"48-57",IF(CY33<68,"58-67",IF(CY33<78,"68-77","78+")))))) | DA33: =IF(AND(BQ33<>"",BR33=""),N(BS33),0)+IF(AND(BW33<>"",BX33=""),N(BY33),0)+IF(AND(CC33<>"",CD33=""),N(CE33),0)+IF(AND(CI33<>"",CJ33=""),N(CK33),0)+IF(AND(CO33<>"",CP33=""),N(CQ33),0) | DB33: =ROUND(IF(BQ33<>"",N(BS33)*MAX(0,((IF(BR33="",TODAY(),BR33))-BQ33)/7),0)+IF(BW33<>"",N(BY33)*MAX(0,((IF(BX33="",TODAY(),BX33))-BW33)/7),0)+IF(CC33<>"",N(CE33)*MAX(0,((IF(CD33="",TODAY(),CD33))-CC33)/7),0)+IF(CI33<>"",N(CK33)*MAX(0,((IF(CJ33="",TODAY(),CJ33))-CI33)/7),0)+IF(CO33<>"",N(CQ33)*MAX(0,((IF(CP33="",TODAY(),CP33))-CO33)/7),0),1) | DC33: =IF(OR(TRIM(X33)="",TRIM(X33)="NA;",TRIM(X33)="NA"),0,1) | DD33: =IF(OR(TRIM(Y33)="",TRIM(Y33)="NA;",TRIM(Y33)="NA"),0,1) | DE33: =IF(OR(TRIM(Z33)="",TRIM(Z33)="NA;",TRIM(Z33)="NA"),0,1) | DF33: =IF(OR(TRIM(AA33)="",TRIM(AA33)="NA;",TRIM(AA33)="NA"),0,1) | DG33: =IF(OR(TRIM(AB33)="",TRIM(AB33)="NA;",TRIM(AB33)="NA"),0,1) | DH33: =IF(OR(TRIM(AC33)="",TRIM(AC33)="NA;",TRIM(AC33)="NA"),0,1) | DI33: =IF(OR(TRIM(AD33)="",TRIM(AD33)="NA;",TRIM(AD33)="NA"),0,1) | DJ33: =TRIM(IF(DC33=1,"Mon ","")&IF(DD33=1,"Tue ","")&IF(DE33=1,"Wed ","")&IF(DF33=1,"Thu ","")&IF(DG33=1,"Fri ","")&IF(DH33=1,"Sat ","")&IF(DI33=1,"Sun ",""))
A34: T-O-00032 | B34: Luke King | C34: luke.king32@example.com | D34: +61 410 904 053 | E34: Sarah Rafipour | F34: +61 400 209 308 | G34: Parent | H34: Tutor | I34: 45516 | J34: ADM-ACT-MAT-CE | K34: =IFERROR(VLOOKUP(J34,'(A) Introduction'!$B$35:$C$45,2,FALSE),"") | L34: No | O34: 1 | P34: =IF($H34="Tutor",((BQ34<>"")*(BR34=""))+((BW34<>"")*(BX34=""))+((CC34<>"")*(CD34=""))+((CI34<>"")*(CJ34=""))+((CO34<>"")*(CP34="")),SUMPRODUCT(--($BO$3:$BO$202=$A34),--($BR$3:$BR$202=""))+SUMPRODUCT(--($BU$3:$BU$202=$A34),--($BX$3:$BX$202=""))+SUMPRODUCT(--($CA$3:$CA$202=$A34),--($CD$3:$CD$202=""))+SUMPRODUCT(--($CG$3:$CG$202=$A34),--($CJ$3:$CJ$202=""))+SUMPRODUCT(--($CM$3:$CM$202=$A34),--($CP$3:$CP$202=""))) | Q34: =IF($H34="Tutor",(BQ34<>"")+(BW34<>"")+(CC34<>"")+(CI34<>"")+(CO34<>""),SUMPRODUCT(--($BO$3:$BO$202=$A34))+SUMPRODUCT(--($BU$3:$BU$202=$A34))+SUMPRODUCT(--($CA$3:$CA$202=$A34))+SUMPRODUCT(--($CG$3:$CG$202=$A34))+SUMPRODUCT(--($CM$3:$CM$202=$A34))) | R34: =IF($H34="Tutor",TRIM(IF(AND(BQ34<>"",BR34=""),BP34&"; ","")&IF(AND(BW34<>"",BX34=""),BV34&"; ","")&IF(AND(CC34<>"",CD34=""),CB34&"; ","")&IF(AND(CI34<>"",CJ34=""),CH34&"; ","")&IF(AND(CO34<>"",CP34=""),CN34&"; ","")),IFERROR(INDEX($A$3:$B$202,(SUMPRODUCT(($BO$3:$BO$202=$A34)*($BR$3:$BR$202="")*ROW($BO$3:$BO$202))+SUMPRODUCT(($BU$3:$BU$202=$A34)*($BX$3:$BX$202="")*ROW($BU$3:$BU$202))+SUMPRODUCT(($CA$3:$CA$202=$A34)*($CD$3:$CD$202="")*ROW($CA$3:$CA$202))+SUMPRODUCT(($CG$3:$CG$202=$A34)*($CJ$3:$CJ$202="")*ROW($CG$3:$CG$202))+SUMPRODUCT(($CM$3:$CM$202=$A34)*($CP$3:$CP$202="")*ROW($CM$3:$CM$202)))-2,2),"")) | S34: Provided | V34: 45759 | W34: AWST (UTC+8) | X34: NA; | Y34: 6pm-9pm; | Z34: 3pm-6pm; | AA34: 6pm-9pm; | AB34: 12pm-3pm;6pm-9pm; | AC34: 6pm-9pm; | AD34: 6pm-9pm; | AE34: In-Person | AF34: NA - Tutor | AG34: Australia | AH34: South Australia | AI34: Salisbury | AJ34: 5108 | AK34: 27122 | AL34: Female | AM34: NA | AN34: NA - Tutor | AO34: Low | AP34: India | AQ34: NA | AR34: English (C2) | AS34: Hindu | AT34: Business & Finance | AU34: Accountant | AV34: NA - Tutor | AW34: Reading; Politics; Music | AX34: NA - Tutor | AY34: No | AZ34: NA - Partner Organisation Verified | BA34: Luke Ali | BB34: Academic Referee | BC34: anya.marks532@example.com | BD34: Pending | BG34: No | BH34: Adults Only | BI34: Asylum Seeker Resource Centre | BJ34: HERVIR Oliver | BK34: MCCRORIE John | BL34: Synthetic test record. | BN34: =TRIM(IF(AND($H34="Student",$J34="ADM-ACT-MAT-CNE"),"Invalid: Student cannot be CNE. ","")&IF(AND($H34="Student",ISNUMBER($O34)),"Check: capacity set for a Student. ","")&IF(AND(LEFT($J34,11)="ADM-ACT-MAT",$P34=0),"Check: matched status but 0 active pairings. ","")&IF(AND($H34="Tutor",ISNUMBER($O34),$P34>$O34),"Check: pairings exceed capacity. ","")&IF(AND($BH34="Everyone",NOT(AND($BD34="Yes",$BG34="Yes"))),"Check: approved to tutor children but WWCC not provided/confirmed. ","")&IF(AND($P34>0,NOT(AND(OR(LEFT($AY34,3)="Yes",LEFT($AY34,2)="NA"),OR(LEFT($AZ34,3)="Yes",LEFT($AZ34,2)="NA")))),"Matched but vetting incomplete (interview/reference). ","")&IF(COUNTIF($B$3:$B$600,$B34)>1,"Duplicate participant name. ","")) | BO34: S-O-00015 | BP34: =IFERROR(VLOOKUP(BO34,$A:$B,2,FALSE),"") | BQ34: 45457 | BS34: 1 | BT34: SHANAHAN Jack | CS34: =IF(LEFT($J34,3)="ERR",0,1) | CT34: =IF(LEFT($J34,3)="ADM",1,0) | CU34: =IF(OR($J34="ADM-ACT-MAT-CNE",$J34="ADM-ACT-MAT-CE",$J34="ADM-INACT-M&T"),1,0) | CV34: =IF(AND(CU34=1,ISNUMBER(M34),ISNUMBER(I34)),M34-I34,"") | CW34: =IF(ISNUMBER(I34),TODAY()-I34,"") | CX34: =IF(ISNUMBER(I34),DATE(YEAR(I34),MONTH(I34),1),"") | CY34: =IFERROR(DATEDIF(AK34,TODAY(),"y"),"") | CZ34: =IF(CY34="","",IF(CY34<28,"18-27",IF(CY34<38,"28-37",IF(CY34<48,"38-47",IF(CY34<58,"48-57",IF(CY34<68,"58-67",IF(CY34<78,"68-77","78+")))))) | DA34: =IF(AND(BQ34<>"",BR34=""),N(BS34),0)+IF(AND(BW34<>"",BX34=""),N(BY34),0)+IF(AND(CC34<>"",CD34=""),N(CE34),0)+IF(AND(CI34<>"",CJ34=""),N(CK34),0)+IF(AND(CO34<>"",CP34=""),N(CQ34),0) | DB34: =ROUND(IF(BQ34<>"",N(BS34)*MAX(0,((IF(BR34="",TODAY(),BR34))-BQ34)/7),0)+IF(BW34<>"",N(BY34)*MAX(0,((IF(BX34="",TODAY(),BX34))-BW34)/7),0)+IF(CC34<>"",N(CE34)*MAX(0,((IF(CD34="",TODAY(),CD34))-CC34)/7),0)+IF(CI34<>"",N(CK34)*MAX(0,((IF(CJ34="",TODAY(),CJ34))-CI34)/7),0)+IF(CO34<>"",N(CQ34)*MAX(0,((IF(CP34="",TODAY(),CP34))-CO34)/7),0),1) | DC34: =IF(OR(TRIM(X34)="",TRIM(X34)="NA;",TRIM(X34)="NA"),0,1) | DD34: =IF(OR(TRIM(Y34)="",TRIM(Y34)="NA;",TRIM(Y34)="NA"),0,1) | DE34: =IF(OR(TRIM(Z34)="",TRIM(Z34)="NA;",TRIM(Z34)="NA"),0,1) | DF34: =IF(OR(TRIM(AA34)="",TRIM(AA34)="NA;",TRIM(AA34)="NA"),0,1) | DG34: =IF(OR(TRIM(AB34)="",TRIM(AB34)="NA;",TRIM(AB34)="NA"),0,1) | DH34: =IF(OR(TRIM(AC34)="",TRIM(AC34)="NA;",TRIM(AC34)="NA"),0,1) | DI34: =IF(OR(TRIM(AD34)="",TRIM(AD34)="NA;",TRIM(AD34)="NA"),0,1) | DJ34: =TRIM(IF(DC34=1,"Mon ","")&IF(DD34=1,"Tue ","")&IF(DE34=1,"Wed ","")&IF(DF34=1,"Thu ","")&IF(DG34=1,"Fri ","")&IF(DH34=1,"Sat ","")&IF(DI34=1,"Sun ",""))
A35: T-O-00033 | B35: Hassan Hadaya | C35: hassan.hadaya33@example.com | D35: +61 495 440 179 | E35: Rania Morris | F35: +61 411 447 864 | G35: Spouse | H35: Tutor | I35: 45519 | J35: ADM-ACT-MAT-CNE | K35: =IFERROR(VLOOKUP(J35,'(A) Introduction'!$B$35:$C$45,2,FALSE),"") | L35: No | O35: 2 | P35: =IF($H35="Tutor",((BQ35<>"")*(BR35=""))+((BW35<>"")*(BX35=""))+((CC35<>"")*(CD35=""))+((CI35<>"")*(CJ35=""))+((CO35<>"")*(CP35="")),SUMPRODUCT(--($BO$3:$BO$202=$A35),--($BR$3:$BR$202=""))+SUMPRODUCT(--($BU$3:$BU$202=$A35),--($BX$3:$BX$202=""))+SUMPRODUCT(--($CA$3:$CA$202=$A35),--($CD$3:$CD$202=""))+SUMPRODUCT(--($CG$3:$CG$202=$A35),--($CJ$3:$CJ$202=""))+SUMPRODUCT(--($CM$3:$CM$202=$A35),--($CP$3:$CP$202=""))) | Q35: =IF($H35="Tutor",(BQ35<>"")+(BW35<>"")+(CC35<>"")+(CI35<>"")+(CO35<>""),SUMPRODUCT(--($BO$3:$BO$202=$A35))+SUMPRODUCT(--($BU$3:$BU$202=$A35))+SUMPRODUCT(--($CA$3:$CA$202=$A35))+SUMPRODUCT(--($CG$3:$CG$202=$A35))+SUMPRODUCT(--($CM$3:$CM$202=$A35))) | R35: =IF($H35="Tutor",TRIM(IF(AND(BQ35<>"",BR35=""),BP35&"; ","")&IF(AND(BW35<>"",BX35=""),BV35&"; ","")&IF(AND(CC35<>"",CD35=""),CB35&"; ","")&IF(AND(CI35<>"",CJ35=""),CH35&"; ","")&IF(AND(CO35<>"",CP35=""),CN35&"; ","")),IFERROR(INDEX($A$3:$B$202,(SUMPRODUCT(($BO$3:$BO$202=$A35)*($BR$3:$BR$202="")*ROW($BO$3:$BO$202))+SUMPRODUCT(($BU$3:$BU$202=$A35)*($BX$3:$BX$202="")*ROW($BU$3:$BU$202))+SUMPRODUCT(($CA$3:$CA$202=$A35)*($CD$3:$CD$202="")*ROW($CA$3:$CA$202))+SUMPRODUCT(($CG$3:$CG$202=$A35)*($CJ$3:$CJ$202="")*ROW($CG$3:$CG$202))+SUMPRODUCT(($CM$3:$CM$202=$A35)*($CP$3:$CP$202="")*ROW($CM$3:$CM$202)))-2,2),"")) | S35: Not Provided | V35: 45731 | W35: ACST (UTC+9:30) | X35: 12pm-3pm; | Y35: 9am-12pm;12pm-3pm;3pm-6pm; | Z35: 9am-12pm;12pm-3pm;3pm-6pm; | AA35: 6am-9am;9am-12pm; | AB35: 6pm-9pm; | AC35: 12pm-3pm;6pm-9pm; | AD35: NA; | AE35: In-Person | AF35: NA - Tutor | AG35: Australia | AH35: Victoria | AI35: Footscray | AJ35: 3011 | AK35: 22954 | AL35: Male | AM35: NA | AN35: NA - Tutor | AO35: Low | AP35: India | AQ35: NA | AR35: English (C2) | AS35: Hindu | AT35: Social & Community Services | AU35: Cleaner | AV35: NA - Tutor | AW35: Reading; Politics; Music | AX35: NA - Tutor | AY35: NA - RELT Member Verified | AZ35: No | BA35: Omar Brown | BB35: Friend | BC35: mohamed.garcia533@example.com | BD35: Yes | BE35: WWC8176148V | BF35: 46120 | BG35: Yes | BH35: Adults Only | BI35: Refugee Advice and Casework Service | BJ35: HALLORAN Isobel | BK35: SINGH Veera | BL35: Synthetic test record. | BN35: =TRIM(IF(AND($H35="Student",$J35="ADM-ACT-MAT-CNE"),"Invalid: Student cannot be CNE. ","")&IF(AND($H35="Student",ISNUMBER($O35)),"Check: capacity set for a Student. ","")&IF(AND(LEFT($J35,11)="ADM-ACT-MAT",$P35=0),"Check: matched status but 0 active pairings. ","")&IF(AND($H35="Tutor",ISNUMBER($O35),$P35>$O35),"Check: pairings exceed capacity. ","")&IF(AND($BH35="Everyone",NOT(AND($BD35="Yes",$BG35="Yes"))),"Check: approved to tutor children but WWCC not provided/confirmed. ","")&IF(AND($P35>0,NOT(AND(OR(LEFT($AY35,3)="Yes",LEFT($AY35,2)="NA"),OR(LEFT($AZ35,3)="Yes",LEFT($AZ35,2)="NA")))),"Matched but vetting incomplete (interview/reference). ","")&IF(COUNTIF($B$3:$B$600,$B35)>1,"Duplicate participant name. ","")) | BO35: S-N-00042 | BP35: =IFERROR(VLOOKUP(BO35,$A:$B,2,FALSE),"") | BQ35: 46004 | BS35: 1 | BT35: NUICH Curtis | BU35: S-N-00033 | BV35: =IFERROR(VLOOKUP(BU35,$A:$B,2,FALSE),"") | BW35: 45985 | BX35: 46153 | BY35: 1 | BZ35: HERVIR Oliver | CS35: =IF(LEFT($J35,3)="ERR",0,1) | CT35: =IF(LEFT($J35,3)="ADM",1,0) | CU35: =IF(OR($J35="ADM-ACT-MAT-CNE",$J35="ADM-ACT-MAT-CE",$J35="ADM-INACT-M&T"),1,0) | CV35: =IF(AND(CU35=1,ISNUMBER(M35),ISNUMBER(I35)),M35-I35,"") | CW35: =IF(ISNUMBER(I35),TODAY()-I35,"") | CX35: =IF(ISNUMBER(I35),DATE(YEAR(I35),MONTH(I35),1),"") | CY35: =IFERROR(DATEDIF(AK35,TODAY(),"y"),"") | CZ35: =IF(CY35="","",IF(CY35<28,"18-27",IF(CY35<38,"28-37",IF(CY35<48,"38-47",IF(CY35<58,"48-57",IF(CY35<68,"58-67",IF(CY35<78,"68-77","78+")))))) | DA35: =IF(AND(BQ35<>"",BR35=""),N(BS35),0)+IF(AND(BW35<>"",BX35=""),N(BY35),0)+IF(AND(CC35<>"",CD35=""),N(CE35),0)+IF(AND(CI35<>"",CJ35=""),N(CK35),0)+IF(AND(CO35<>"",CP35=""),N(CQ35),0) | DB35: =ROUND(IF(BQ35<>"",N(BS35)*MAX(0,((IF(BR35="",TODAY(),BR35))-BQ35)/7),0)+IF(BW35<>"",N(BY35)*MAX(0,((IF(BX35="",TODAY(),BX35))-BW35)/7),0)+IF(CC35<>"",N(CE35)*MAX(0,((IF(CD35="",TODAY(),CD35))-CC35)/7),0)+IF(CI35<>"",N(CK35)*MAX(0,((IF(CJ35="",TODAY(),CJ35))-CI35)/7),0)+IF(CO35<>"",N(CQ35)*MAX(0,((IF(CP35="",TODAY(),CP35))-CO35)/7),0),1) | DC35: =IF(OR(TRIM(X35)="",TRIM(X35)="NA;",TRIM(X35)="NA"),0,1) | DD35: =IF(OR(TRIM(Y35)="",TRIM(Y35)="NA;",TRIM(Y35)="NA"),0,1) | DE35: =IF(OR(TRIM(Z35)="",TRIM(Z35)="NA;",TRIM(Z35)="NA"),0,1) | DF35: =IF(OR(TRIM(AA35)="",TRIM(AA35)="NA;",TRIM(AA35)="NA"),0,1) | DG35: =IF(OR(TRIM(AB35)="",TRIM(AB35)="NA;",TRIM(AB35)="NA"),0,1) | DH35: =IF(OR(TRIM(AC35)="",TRIM(AC35)="NA;",TRIM(AC35)="NA"),0,1) | DI35: =IF(OR(TRIM(AD35)="",TRIM(AD35)="NA;",TRIM(AD35)="NA"),0,1) | DJ35: =TRIM(IF(DC35=1,"Mon ","")&IF(DD35=1,"Tue ","")&IF(DE35=1,"Wed ","")&IF(DF35=1,"Thu ","")&IF(DG35=1,"Fri ","")&IF(DH35=1,"Sat ","")&IF(DI35=1,"Sun ",""))
A36: T-O-00034 | B36: Hala Bourne | C36: hala.bourne34@example.com | D36: +61 428 341 797 | E36: Tom Marks | F36: +61 480 323 154 | G36: Adult Child | H36: Tutor | I36: 45520 | J36: ADM-INACT-NOM&T | K36: =IFERROR(VLOOKUP(J36,'(A) Introduction'!$B$35:$C$45,2,FALSE),"") | L36: No | O36: 1 | P36: =IF($H36="Tutor",((BQ36<>"")*(BR36=""))+((BW36<>"")*(BX36=""))+((CC36<>"")*(CD36=""))+((CI36<>"")*(CJ36=""))+((CO36<>"")*(CP36="")),SUMPRODUCT(--($BO$3:$BO$202=$A36),--($BR$3:$BR$202=""))+SUMPRODUCT(--($BU$3:$BU$202=$A36),--($BX$3:$BX$202=""))+SUMPRODUCT(--($CA$3:$CA$202=$A36),--($CD$3:$CD$202=""))+SUMPRODUCT(--($CG$3:$CG$202=$A36),--($CJ$3:$CJ$202=""))+SUMPRODUCT(--($CM$3:$CM$202=$A36),--($CP$3:$CP$202=""))) | Q36: =IF($H36="Tutor",(BQ36<>"")+(BW36<>"")+(CC36<>"")+(CI36<>"")+(CO36<>""),SUMPRODUCT(--($BO$3:$BO$202=$A36))+SUMPRODUCT(--($BU$3:$BU$202=$A36))+SUMPRODUCT(--($CA$3:$CA$202=$A36))+SUMPRODUCT(--($CG$3:$CG$202=$A36))+SUMPRODUCT(--($CM$3:$CM$202=$A36))) | R36: =IF($H36="Tutor",TRIM(IF(AND(BQ36<>"",BR36=""),BP36&"; ","")&IF(AND(BW36<>"",BX36=""),BV36&"; ","")&IF(AND(CC36<>"",CD36=""),CB36&"; ","")&IF(AND(CI36<>"",CJ36=""),CH36&"; ","")&IF(AND(CO36<>"",CP36=""),CN36&"; ","")),IFERROR(INDEX($A$3:$B$202,(SUMPRODUCT(($BO$3:$BO$202=$A36)*($BR$3:$BR$202="")*ROW($BO$3:$BO$202))+SUMPRODUCT(($BU$3:$BU$202=$A36)*($BX$3:$BX$202="")*ROW($BU$3:$BU$202))+SUMPRODUCT(($CA$3:$CA$202=$A36)*($CD$3:$CD$202="")*ROW($CA$3:$CA$202))+SUMPRODUCT(($CG$3:$CG$202=$A36)*($CJ$3:$CJ$202="")*ROW($CG$3:$CG$202))+SUMPRODUCT(($CM$3:$CM$202=$A36)*($CP$3:$CP$202="")*ROW($CM$3:$CM$202)))-2,2),"")) | S36: Provided | V36: 45610 | W36: ACST (UTC+9:30) | X36: 6pm-9pm; | Y36: 9am-12pm;12pm-3pm;3pm-6pm; | Z36: 9am-12pm;12pm-3pm;3pm-6pm; | AA36: 12pm-3pm; | AB36: 6am-9am;9am-12pm; | AC36: 6am-9am;9am-12pm; | AD36: 9am-12pm; | AE36: Online | AF36: NA - Tutor | AG36: Australia | AH36: New South Wales | AI36: Fairfield | AJ36: 2165 | AK36: 24331 | AL36: Female | AM36: NA | AN36: NA - Tutor | AO36: High | AP36: Australia; China | AQ36: NA | AR36: Ukrainian (C2) | AS36: Christian | AT36: Childcare & Aged Care | AU36: Lawyer | AV36: NA - Tutor | AW36: Art; Photography; Travel | AX36: NA - Tutor | AY36: No | AZ36: NA - Partner Organisation Verified | BA36: Maria Taylor | BB36: Friend | BC36: emily.bourne534@example.com | BD36: Pending | BG36: No | BH36: Adults Only | BI36: University of Western Sydney (including the Law Students' Society) | BJ36: THET Moh Moh | BK36: THET Moh Moh | BL36: Synthetic test record. | BN36: =TRIM(IF(AND($H36="Student",$J36="ADM-ACT-MAT-CNE"),"Invalid: Student cannot be CNE. ","")&IF(AND($H36="Student",ISNUMBER($O36)),"Check: capacity set for a Student. ","")&IF(AND(LEFT($J36,11)="ADM-ACT-MAT",$P36=0),"Check: matched status but 0 active pairings. ","")&IF(AND($H36="Tutor",ISNUMBER($O36),$P36>$O36),"Check: pairings exceed capacity. ","")&IF(AND($BH36="Everyone",NOT(AND($BD36="Yes",$BG36="Yes"))),"Check: approved to tutor children but WWCC not provided/confirmed. ","")&IF(AND($P36>0,NOT(AND(OR(LEFT($AY36,3)="Yes",LEFT($AY36,2)="NA"),OR(LEFT($AZ36,3)="Yes",LEFT($AZ36,2)="NA")))),"Matched but vetting incomplete (interview/reference). ","")&IF(COUNTIF($B$3:$B$600,$B36)>1,"Duplicate participant name. ","")) | CS36: =IF(LEFT($J36,3)="ERR",0,1) | CT36: =IF(LEFT($J36,3)="ADM",1,0) | CU36: =IF(OR($J36="ADM-ACT-MAT-CNE",$J36="ADM-ACT-MAT-CE",$J36="ADM-INACT-M&T"),1,0) | CV36: =IF(AND(CU36=1,ISNUMBER(M36),ISNUMBER(I36)),M36-I36,"") | CW36: =IF(ISNUMBER(I36),TODAY()-I36,"") | CX36: =IF(ISNUMBER(I36),DATE(YEAR(I36),MONTH(I36),1),"") | CY36: =IFERROR(DATEDIF(AK36,TODAY(),"y"),"") | CZ36: =IF(CY36="","",IF(CY36<28,"18-27",IF(CY36<38,"28-37",IF(CY36<48,"38-47",IF(CY36<58,"48-57",IF(CY36<68,"58-67",IF(CY36<78,"68-77","78+")))))) | DA36: =IF(AND(BQ36<>"",BR36=""),N(BS36),0)+IF(AND(BW36<>"",BX36=""),N(BY36),0)+IF(AND(CC36<>"",CD36=""),N(CE36),0)+IF(AND(CI36<>"",CJ36=""),N(CK36),0)+IF(AND(CO36<>"",CP36=""),N(CQ36),0) | DB36: =ROUND(IF(BQ36<>"",N(BS36)*MAX(0,((IF(BR36="",TODAY(),BR36))-BQ36)/7),0)+IF(BW36<>"",N(BY36)*MAX(0,((IF(BX36="",TODAY(),BX36))-BW36)/7),0)+IF(CC36<>"",N(CE36)*MAX(0,((IF(CD36="",TODAY(),CD36))-CC36)/7),0)+IF(CI36<>"",N(CK36)*MAX(0,((IF(CJ36="",TODAY(),CJ36))-CI36)/7),0)+IF(CO36<>"",N(CQ36)*MAX(0,((IF(CP36="",TODAY(),CP36))-CO36)/7),0),1) | DC36: =IF(OR(TRIM(X36)="",TRIM(X36)="NA;",TRIM(X36)="NA"),0,1) | DD36: =IF(OR(TRIM(Y36)="",TRIM(Y36)="NA;",TRIM(Y36)="NA"),0,1) | DE36: =IF(OR(TRIM(Z36)="",TRIM(Z36)="NA;",TRIM(Z36)="NA"),0,1) | DF36: =IF(OR(TRIM(AA36)="",TRIM(AA36)="NA;",TRIM(AA36)="NA"),0,1) | DG36: =IF(OR(TRIM(AB36)="",TRIM(AB36)="NA;",TRIM(AB36)="NA"),0,1) | DH36: =IF(OR(TRIM(AC36)="",TRIM(AC36)="NA;",TRIM(AC36)="NA"),0,1) | DI36: =IF(OR(TRIM(AD36)="",TRIM(AD36)="NA;",TRIM(AD36)="NA"),0,1) | DJ36: =TRIM(IF(DC36=1,"Mon ","")&IF(DD36=1,"Tue ","")&IF(DE36=1,"Wed ","")&IF(DF36=1,"Thu ","")&IF(DG36=1,"Fri ","")&IF(DH36=1,"Sat ","")&IF(DI36=1,"Sun ",""))
A37: T-O-00035 | B37: Ibrahim Wright | C37: ibrahim.wright35@example.com | D37: +61 445 519 075 | E37: Camila Ahmed | F37: +61 405 253 724 | G37: Adult Child | H37: Tutor | I37: 45521 | J37: ADM-INACT-M&T | K37: =IFERROR(VLOOKUP(J37,'(A) Introduction'!$B$35:$C$45,2,FALSE),"") | L37: No | O37: 2 | P37: =IF($H37="Tutor",((BQ37<>"")*(BR37=""))+((BW37<>"")*(BX37=""))+((CC37<>"")*(CD37=""))+((CI37<>"")*(CJ37=""))+((CO37<>"")*(CP37="")),SUMPRODUCT(--($BO$3:$BO$202=$A37),--($BR$3:$BR$202=""))+SUMPRODUCT(--($BU$3:$BU$202=$A37),--($BX$3:$BX$202=""))+SUMPRODUCT(--($CA$3:$CA$202=$A37),--($CD$3:$CD$202=""))+SUMPRODUCT(--($CG$3:$CG$202=$A37),--($CJ$3:$CJ$202=""))+SUMPRODUCT(--($CM$3:$CM$202=$A37),--($CP$3:$CP$202=""))) | Q37: =IF($H37="Tutor",(BQ37<>"")+(BW37<>"")+(CC37<>"")+(CI37<>"")+(CO37<>""),SUMPRODUCT(--($BO$3:$BO$202=$A37))+SUMPRODUCT(--($BU$3:$BU$202=$A37))+SUMPRODUCT(--($CA$3:$CA$202=$A37))+SUMPRODUCT(--($CG$3:$CG$202=$A37))+SUMPRODUCT(--($CM$3:$CM$202=$A37))) | R37: =IF($H37="Tutor",TRIM(IF(AND(BQ37<>"",BR37=""),BP37&"; ","")&IF(AND(BW37<>"",BX37=""),BV37&"; ","")&IF(AND(CC37<>"",CD37=""),CB37&"; ","")&IF(AND(CI37<>"",CJ37=""),CH37&"; ","")&IF(AND(CO37<>"",CP37=""),CN37&"; ","")),IFERROR(INDEX($A$3:$B$202,(SUMPRODUCT(($BO$3:$BO$202=$A37)*($BR$3:$BR$202="")*ROW($BO$3:$BO$202))+SUMPRODUCT(($BU$3:$BU$202=$A37)*($BX$3:$BX$202="")*ROW($BU$3:$BU$202))+SUMPRODUCT(($CA$3:$CA$202=$A37)*($CD$3:$CD$202="")*ROW($CA$3:$CA$202))+SUMPRODUCT(($CG$3:$CG$202=$A37)*($CJ$3:$CJ$202="")*ROW($CG$3:$CG$202))+SUMPRODUCT(($CM$3:$CM$202=$A37)*($CP$3:$CP$202="")*ROW($CM$3:$CM$202)))-2,2),"")) | S37: Not Provided | V37: 45577 | W37: AEDT (UTC+11) | X37: NA; | Y37: NA; | Z37: 6am-9am;9am-12pm; | AA37: 3pm-6pm; | AB37: 6pm-9pm; | AC37: 6pm-9pm; | AD37: 9am-12pm;12pm-3pm;3pm-6pm; | AE37: In-Person | AF37: NA - Tutor | AG37: Australia | AH37: New South Wales | AI37: Epping | AJ37: 2121 | AK37: 30228 | AL37: Other | AM37: NA | AN37: NA - Tutor | AO37: Low | AP37: China | AQ37: NA | AR37: Spanish (C2); Somali (B2) | AS37: Christian (Orthodox) | AT37: Hospitality & Retail | AU37: Aged Care Worker | AV37: NA - Tutor | AW37: Art; Photography; Travel | AX37: NA - Tutor | AY37: No | AZ37: Yes | BA37: Bilal Walker | BB37: Manager | BC37: karim.morris535@example.com | BD37: Yes | BE37: WWC1756566E | BF37: 47068 | BG37: Yes | BH37: Everyone | BI37: Refugee Advice and Casework Service | BJ37: ZULMAN Levi | BK37: CROCK Mary | BL37: Synthetic test record. | BN37: =TRIM(IF(AND($H37="Student",$J37="ADM-ACT-MAT-CNE"),"Invalid: Student cannot be CNE. ","")&IF(AND($H37="Student",ISNUMBER($O37)),"Check: capacity set for a Student. ","")&IF(AND(LEFT($J37,11)="ADM-ACT-MAT",$P37=0),"Check: matched status but 0 active pairings. ","")&IF(AND($H37="Tutor",ISNUMBER($O37),$P37>$O37),"Check: pairings exceed capacity. ","")&IF(AND($BH37="Everyone",NOT(AND($BD37="Yes",$BG37="Yes"))),"Check: approved to tutor children but WWCC not provided/confirmed. ","")&IF(AND($P37>0,NOT(AND(OR(LEFT($AY37,3)="Yes",LEFT($AY37,2)="NA"),OR(LEFT($AZ37,3)="Yes",LEFT($AZ37,2)="NA")))),"Matched but vetting incomplete (interview/reference). ","")&IF(COUNTIF($B$3:$B$600,$B37)>1,"Duplicate participant name. ","")) | BO37: S-N-00033 | BP37: =IFERROR(VLOOKUP(BO37,$A:$B,2,FALSE),"") | BQ37: 45932 | BR37: 46137 | BS37: 2 | BT37: NUICH Curtis | CS37: =IF(LEFT($J37,3)="ERR",0,1) | CT37: =IF(LEFT($J37,3)="ADM",1,0) | CU37: =IF(OR($J37="ADM-ACT-MAT-CNE",$J37="ADM-ACT-MAT-CE",$J37="ADM-INACT-M&T"),1,0) | CV37: =IF(AND(CU37=1,ISNUMBER(M37),ISNUMBER(I37)),M37-I37,"") | CW37: =IF(ISNUMBER(I37),TODAY()-I37,"") | CX37: =IF(ISNUMBER(I37),DATE(YEAR(I37),MONTH(I37),1),"") | CY37: =IFERROR(DATEDIF(AK37,TODAY(),"y"),"") | CZ37: =IF(CY37="","",IF(CY37<28,"18-27",IF(CY37<38,"28-37",IF(CY37<48,"38-47",IF(CY37<58,"48-57",IF(CY37<68,"58-67",IF(CY37<78,"68-77","78+")))))) | DA37: =IF(AND(BQ37<>"",BR37=""),N(BS37),0)+IF(AND(BW37<>"",BX37=""),N(BY37),0)+IF(AND(CC37<>"",CD37=""),N(CE37),0)+IF(AND(CI37<>"",CJ37=""),N(CK37),0)+IF(AND(CO37<>"",CP37=""),N(CQ37),0) | DB37: =ROUND(IF(BQ37<>"",N(BS37)*MAX(0,((IF(BR37="",TODAY(),BR37))-BQ37)/7),0)+IF(BW37<>"",N(BY37)*MAX(0,((IF(BX37="",TODAY(),BX37))-BW37)/7),0)+IF(CC37<>"",N(CE37)*MAX(0,((IF(CD37="",TODAY(),CD37))-CC37)/7),0)+IF(CI37<>"",N(CK37)*MAX(0,((IF(CJ37="",TODAY(),CJ37))-CI37)/7),0)+IF(CO37<>"",N(CQ37)*MAX(0,((IF(CP37="",TODAY(),CP37))-CO37)/7),0),1) | DC37: =IF(OR(TRIM(X37)="",TRIM(X37)="NA;",TRIM(X37)="NA"),0,1) | DD37: =IF(OR(TRIM(Y37)="",TRIM(Y37)="NA;",TRIM(Y37)="NA"),0,1) | DE37: =IF(OR(TRIM(Z37)="",TRIM(Z37)="NA;",TRIM(Z37)="NA"),0,1) | DF37: =IF(OR(TRIM(AA37)="",TRIM(AA37)="NA;",TRIM(AA37)="NA"),0,1) | DG37: =IF(OR(TRIM(AB37)="",TRIM(AB37)="NA;",TRIM(AB37)="NA"),0,1) | DH37: =IF(OR(TRIM(AC37)="",TRIM(AC37)="NA;",TRIM(AC37)="NA"),0,1) | DI37: =IF(OR(TRIM(AD37)="",TRIM(AD37)="NA;",TRIM(AD37)="NA"),0,1) | DJ37: =TRIM(IF(DC37=1,"Mon ","")&IF(DD37=1,"Tue ","")&IF(DE37=1,"Wed ","")&IF(DF37=1,"Thu ","")&IF(DG37=1,"Fri ","")&IF(DH37=1,"Sat ","")&IF(DI37=1,"Sun ",""))
A38: T-O-00036 | B38: Anya Slaytor | C38: anya.slaytor36@example.com | D38: +61 499 346 695 | E38: Tariq Fernando | F38: +61 416 686 719 | G38: Caseworker | H38: Tutor | I38: 45524 | J38: ADM-ACT-MAT-CNE | K38: =IFERROR(VLOOKUP(J38,'(A) Introduction'!$B$35:$C$45,2,FALSE),"") | L38: No | O38: 3 | P38: =IF($H38="Tutor",((BQ38<>"")*(BR38=""))+((BW38<>"")*(BX38=""))+((CC38<>"")*(CD38=""))+((CI38<>"")*(CJ38=""))+((CO38<>"")*(CP38="")),SUMPRODUCT(--($BO$3:$BO$202=$A38),--($BR$3:$BR$202=""))+SUMPRODUCT(--($BU$3:$BU$202=$A38),--($BX$3:$BX$202=""))+SUMPRODUCT(--($CA$3:$CA$202=$A38),--($CD$3:$CD$202=""))+SUMPRODUCT(--($CG$3:$CG$202=$A38),--($CJ$3:$CJ$202=""))+SUMPRODUCT(--($CM$3:$CM$202=$A38),--($CP$3:$CP$202=""))) | Q38: =IF($H38="Tutor",(BQ38<>"")+(BW38<>"")+(CC38<>"")+(CI38<>"")+(CO38<>""),SUMPRODUCT(--($BO$3:$BO$202=$A38))+SUMPRODUCT(--($BU$3:$BU$202=$A38))+SUMPRODUCT(--($CA$3:$CA$202=$A38))+SUMPRODUCT(--($CG$3:$CG$202=$A38))+SUMPRODUCT(--($CM$3:$CM$202=$A38))) | R38: =IF($H38="Tutor",TRIM(IF(AND(BQ38<>"",BR38=""),BP38&"; ","")&IF(AND(BW38<>"",BX38=""),BV38&"; ","")&IF(AND(CC38<>"",CD38=""),CB38&"; ","")&IF(AND(CI38<>"",CJ38=""),CH38&"; ","")&IF(AND(CO38<>"",CP38=""),CN38&"; ","")),IFERROR(INDEX($A$3:$B$202,(SUMPRODUCT(($BO$3:$BO$202=$A38)*($BR$3:$BR$202="")*ROW($BO$3:$BO$202))+SUMPRODUCT(($BU$3:$BU$202=$A38)*($BX$3:$BX$202="")*ROW($BU$3:$BU$202))+SUMPRODUCT(($CA$3:$CA$202=$A38)*($CD$3:$CD$202="")*ROW($CA$3:$CA$202))+SUMPRODUCT(($CG$3:$CG$202=$A38)*($CJ$3:$CJ$202="")*ROW($CG$3:$CG$202))+SUMPRODUCT(($CM$3:$CM$202=$A38)*($CP$3:$CP$202="")*ROW($CM$3:$CM$202)))-2,2),"")) | S38: Provided | V38: 45763 | W38: AWST (UTC+8) | X38: 6am-9am;9am-12pm; | Y38: 6pm-9pm; | Z38: 6am-9am;9am-12pm; | AA38: 6pm-9pm; | AB38: 9am-12pm;12pm-3pm;3pm-6pm; | AC38: 12pm-3pm;6pm-9pm; | AD38: 3pm-6pm; | AE38: In-Person | AF38: NA - Tutor | AG38: Australia | AH38: New South Wales | AI38: Bankstown | AJ38: 2200 | AK38: 34504 | AL38: Other | AM38: NA | AN38: NA - Tutor | AO38: Moderate | AP38: India | AQ38: NA | AR38: English (C2) | AS38: Christian | AT38: Social & Community Services | AU38: Nurse | AV38: NA - Tutor | AW38: Language learning; Self-development | AX38: NA - Tutor | AY38: NA - Partner Organisation Verified | AZ38: NA - Partner Organisation Verified | BA38: Mark Walker | BB38: Colleague | BC38: james.brown536@example.com | BD38: Yes | BE38: WWC2585184V | BF38: 46541 | BG38: No | BH38: Adults Only | BI38: Ayelet | BJ38: KNIJNIK Marina | BK38: SHANAHAN Jack | BL38: Synthetic test record. | BN38: =TRIM(IF(AND($H38="Student",$J38="ADM-ACT-MAT-CNE"),"Invalid: Student cannot be CNE. ","")&IF(AND($H38="Student",ISNUMBER($O38)),"Check: capacity set for a Student. ","")&IF(AND(LEFT($J38,11)="ADM-ACT-MAT",$P38=0),"Check: matched status but 0 active pairings. ","")&IF(AND($H38="Tutor",ISNUMBER($O38),$P38>$O38),"Check: pairings exceed capacity. ","")&IF(AND($BH38="Everyone",NOT(AND($BD38="Yes",$BG38="Yes"))),"Check: approved to tutor children but WWCC not provided/confirmed. ","")&IF(AND($P38>0,NOT(AND(OR(LEFT($AY38,3)="Yes",LEFT($AY38,2)="NA"),OR(LEFT($AZ38,3)="Yes",LEFT($AZ38,2)="NA")))),"Matched but vetting incomplete (interview/reference). ","")&IF(COUNTIF($B$3:$B$600,$B38)>1,"Duplicate participant name. ","")) | BO38: S-N-00029 | BP38: =IFERROR(VLOOKUP(BO38,$A:$B,2,FALSE),"") | BQ38: 45929 | BS38: 1 | BT38: MCCLELLAND Reeve | CS38: =IF(LEFT($J38,3)="ERR",0,1) | CT38: =IF(LEFT($J38,3)="ADM",1,0) | CU38: =IF(OR($J38="ADM-ACT-MAT-CNE",$J38="ADM-ACT-MAT-CE",$J38="ADM-INACT-M&T"),1,0) | CV38: =IF(AND(CU38=1,ISNUMBER(M38),ISNUMBER(I38)),M38-I38,"") | CW38: =IF(ISNUMBER(I38),TODAY()-I38,"") | CX38: =IF(ISNUMBER(I38),DATE(YEAR(I38),MONTH(I38),1),"") | CY38: =IFERROR(DATEDIF(AK38,TODAY(),"y"),"") | CZ38: =IF(CY38="","",IF(CY38<28,"18-27",IF(CY38<38,"28-37",IF(CY38<48,"38-47",IF(CY38<58,"48-57",IF(CY38<68,"58-67",IF(CY38<78,"68-77","78+")))))) | DA38: =IF(AND(BQ38<>"",BR38=""),N(BS38),0)+IF(AND(BW38<>"",BX38=""),N(BY38),0)+IF(AND(CC38<>"",CD38=""),N(CE38),0)+IF(AND(CI38<>"",CJ38=""),N(CK38),0)+IF(AND(CO38<>"",CP38=""),N(CQ38),0) | DB38: =ROUND(IF(BQ38<>"",N(BS38)*MAX(0,((IF(BR38="",TODAY(),BR38))-BQ38)/7),0)+IF(BW38<>"",N(BY38)*MAX(0,((IF(BX38="",TODAY(),BX38))-BW38)/7),0)+IF(CC38<>"",N(CE38)*MAX(0,((IF(CD38="",TODAY(),CD38))-CC38)/7),0)+IF(CI38<>"",N(CK38)*MAX(0,((IF(CJ38="",TODAY(),CJ38))-CI38)/7),0)+IF(CO38<>"",N(CQ38)*MAX(0,((IF(CP38="",TODAY(),CP38))-CO38)/7),0),1) | DC38: =IF(OR(TRIM(X38)="",TRIM(X38)="NA;",TRIM(X38)="NA"),0,1) | DD38: =IF(OR(TRIM(Y38)="",TRIM(Y38)="NA;",TRIM(Y38)="NA"),0,1) | DE38: =IF(OR(TRIM(Z38)="",TRIM(Z38)="NA;",TRIM(Z38)="NA"),0,1) | DF38: =IF(OR(TRIM(AA38)="",TRIM(AA38)="NA;",TRIM(AA38)="NA"),0,1) | DG38: =IF(OR(TRIM(AB38)="",TRIM(AB38)="NA;",TRIM(AB38)="NA"),0,1) | DH38: =IF(OR(TRIM(AC38)="",TRIM(AC38)="NA;",TRIM(AC38)="NA"),0,1) | DI38: =IF(OR(TRIM(AD38)="",TRIM(AD38)="NA;",TRIM(AD38)="NA"),0,1) | DJ38: =TRIM(IF(DC38=1,"Mon ","")&IF(DD38=1,"Tue ","")&IF(DE38=1,"Wed ","")&IF(DF38=1,"Thu ","")&IF(DG38=1,"Fri ","")&IF(DH38=1,"Sat ","")&IF(DI38=1,"Sun ",""))
A39: T-O-00037 | B39: Camila Morris | C39: camila.morris37@example.com | D39: +61 446 316 184 | E39: Bilal Mosquera | F39: +61 452 373 692 | G39: Caseworker | H39: Tutor | I39: 45529 | J39: NADM-REJ-UNSUIT | K39: =IFERROR(VLOOKUP(J39,'(A) Introduction'!$B$35:$C$45,2,FALSE),"") | L39: No | O39: 1 | P39: =IF($H39="Tutor",((BQ39<>"")*(BR39=""))+((BW39<>"")*(BX39=""))+((CC39<>"")*(CD39=""))+((CI39<>"")*(CJ39=""))+((CO39<>"")*(CP39="")),SUMPRODUCT(--($BO$3:$BO$202=$A39),--($BR$3:$BR$202=""))+SUMPRODUCT(--($BU$3:$BU$202=$A39),--($BX$3:$BX$202=""))+SUMPRODUCT(--($CA$3:$CA$202=$A39),--($CD$3:$CD$202=""))+SUMPRODUCT(--($CG$3:$CG$202=$A39),--($CJ$3:$CJ$202=""))+SUMPRODUCT(--($CM$3:$CM$202=$A39),--($CP$3:$CP$202=""))) | Q39: =IF($H39="Tutor",(BQ39<>"")+(BW39<>"")+(CC39<>"")+(CI39<>"")+(CO39<>""),SUMPRODUCT(--($BO$3:$BO$202=$A39))+SUMPRODUCT(--($BU$3:$BU$202=$A39))+SUMPRODUCT(--($CA$3:$CA$202=$A39))+SUMPRODUCT(--($CG$3:$CG$202=$A39))+SUMPRODUCT(--($CM$3:$CM$202=$A39))) | R39: =IF($H39="Tutor",TRIM(IF(AND(BQ39<>"",BR39=""),BP39&"; ","")&IF(AND(BW39<>"",BX39=""),BV39&"; ","")&IF(AND(CC39<>"",CD39=""),CB39&"; ","")&IF(AND(CI39<>"",CJ39=""),CH39&"; ","")&IF(AND(CO39<>"",CP39=""),CN39&"; ","")),IFERROR(INDEX($A$3:$B$202,(SUMPRODUCT(($BO$3:$BO$202=$A39)*($BR$3:$BR$202="")*ROW($BO$3:$BO$202))+SUMPRODUCT(($BU$3:$BU$202=$A39)*($BX$3:$BX$202="")*ROW($BU$3:$BU$202))+SUMPRODUCT(($CA$3:$CA$202=$A39)*($CD$3:$CD$202="")*ROW($CA$3:$CA$202))+SUMPRODUCT(($CG$3:$CG$202=$A39)*($CJ$3:$CJ$202="")*ROW($CG$3:$CG$202))+SUMPRODUCT(($CM$3:$CM$202=$A39)*($CP$3:$CP$202="")*ROW($CM$3:$CM$202)))-2,2),"")) | S39: Not Provided | W39: AWST (UTC+8) | X39: 6pm-9pm; | Y39: 12pm-3pm; | Z39: 12pm-3pm; | AA39: 9am-12pm; | AB39: 9am-12pm; | AC39: 6pm-9pm; | AD39: 3pm-6pm; | AE39: Online | AF39: NA - Tutor | AG39: Australia | AH39: New South Wales | AI39: Bardia | AJ39: 2565 | AK39: 30964 | AL39: Other | AM39: NA | AN39: NA - Tutor | AO39: Low | AP39: Vietnam | AQ39: NA | AR39: English (C2) | AS39: Buddhist | AT39: Other / Unspecified | AU39: Aged Care Worker | AV39: NA - Tutor | AW39: Travel; Sport; Movies | AX39: NA - Tutor | AY39: No | AZ39: NA - Partner Organisation Verified | BA39: Omar Smith | BB39: Academic Referee | BC39: ava.smith537@example.com | BD39: Yes | BE39: WWC6963589V | BF39: 46190 | BG39: Yes | BH39: Adults Only | BI39: University of Queensland (Including the Refugee Tutoring Club) | BJ39: HALLORAN Isobel | BK39: ZULMAN Levi | BL39: Synthetic test record. | BN39: =TRIM(IF(AND($H39="Student",$J39="ADM-ACT-MAT-CNE"),"Invalid: Student cannot be CNE. ","")&IF(AND($H39="Student",ISNUMBER($O39)),"Check: capacity set for a Student. ","")&IF(AND(LEFT($J39,11)="ADM-ACT-MAT",$P39=0),"Check: matched status but 0 active pairings. ","")&IF(AND($H39="Tutor",ISNUMBER($O39),$P39>$O39),"Check: pairings exceed capacity. ","")&IF(AND($BH39="Everyone",NOT(AND($BD39="Yes",$BG39="Yes"))),"Check: approved to tutor children but WWCC not provided/confirmed. ","")&IF(AND($P39>0,NOT(AND(OR(LEFT($AY39,3)="Yes",LEFT($AY39,2)="NA"),OR(LEFT($AZ39,3)="Yes",LEFT($AZ39,2)="NA")))),"Matched but vetting incomplete (interview/reference). ","")&IF(COUNTIF($B$3:$B$600,$B39)>1,"Duplicate participant name. ","")) | CS39: =IF(LEFT($J39,3)="ERR",0,1) | CT39: =IF(LEFT($J39,3)="ADM",1,0) | CU39: =IF(OR($J39="ADM-ACT-MAT-CNE",$J39="ADM-ACT-MAT-CE",$J39="ADM-INACT-M&T"),1,0) | CV39: =IF(AND(CU39=1,ISNUMBER(M39),ISNUMBER(I39)),M39-I39,"") | CW39: =IF(ISNUMBER(I39),TODAY()-I39,"") | CX39: =IF(ISNUMBER(I39),DATE(YEAR(I39),MONTH(I39),1),"") | CY39: =IFERROR(DATEDIF(AK39,TODAY(),"y"),"") | CZ39: =IF(CY39="","",IF(CY39<28,"18-27",IF(CY39<38,"28-37",IF(CY39<48,"38-47",IF(CY39<58,"48-57",IF(CY39<68,"58-67",IF(CY39<78,"68-77","78+")))))) | DA39: =IF(AND(BQ39<>"",BR39=""),N(BS39),0)+IF(AND(BW39<>"",BX39=""),N(BY39),0)+IF(AND(CC39<>"",CD39=""),N(CE39),0)+IF(AND(CI39<>"",CJ39=""),N(CK39),0)+IF(AND(CO39<>"",CP39=""),N(CQ39),0) | DB39: =ROUND(IF(BQ39<>"",N(BS39)*MAX(0,((IF(BR39="",TODAY(),BR39))-BQ39)/7),0)+IF(BW39<>"",N(BY39)*MAX(0,((IF(BX39="",TODAY(),BX39))-BW39)/7),0)+IF(CC39<>"",N(CE39)*MAX(0,((IF(CD39="",TODAY(),CD39))-CC39)/7),0)+IF(CI39<>"",N(CK39)*MAX(0,((IF(CJ39="",TODAY(),CJ39))-CI39)/7),0)+IF(CO39<>"",N(CQ39)*MAX(0,((IF(CP39="",TODAY(),CP39))-CO39)/7),0),1) | DC39: =IF(OR(TRIM(X39)="",TRIM(X39)="NA;",TRIM(X39)="NA"),0,1) | DD39: =IF(OR(TRIM(Y39)="",TRIM(Y39)="NA;",TRIM(Y39)="NA"),0,1) | DE39: =IF(OR(TRIM(Z39)="",TRIM(Z39)="NA;",TRIM(Z39)="NA"),0,1) | DF39: =IF(OR(TRIM(AA39)="",TRIM(AA39)="NA;",TRIM(AA39)="NA"),0,1) | DG39: =IF(OR(TRIM(AB39)="",TRIM(AB39)="NA;",TRIM(AB39)="NA"),0,1) | DH39: =IF(OR(TRIM(AC39)="",TRIM(AC39)="NA;",TRIM(AC39)="NA"),0,1) | DI39: =IF(OR(TRIM(AD39)="",TRIM(AD39)="NA;",TRIM(AD39)="NA"),0,1) | DJ39: =TRIM(IF(DC39=1,"Mon ","")&IF(DD39=1,"Tue ","")&IF(DE39=1,"Wed ","")&IF(DF39=1,"Thu ","")&IF(DG39=1,"Fri ","")&IF(DH39=1,"Sat ","")&IF(DI39=1,"Sun ",""))
A40: T-O-00038 | B40: Zara Hall | C40: zara.hall38@example.com | D40: +61 439 988 828 | E40: Ava Silva | F40: +61 434 460 927 | G40: Friend | H40: Tutor | I40: 45530 | J40: ADM-ACT-UNMAT | K40: =IFERROR(VLOOKUP(J40,'(A) Introduction'!$B$35:$C$45,2,FALSE),"") | L40: No | O40: 2 | P40: =IF($H40="Tutor",((BQ40<>"")*(BR40=""))+((BW40<>"")*(BX40=""))+((CC40<>"")*(CD40=""))+((CI40<>"")*(CJ40=""))+((CO40<>"")*(CP40="")),SUMPRODUCT(--($BO$3:$BO$202=$A40),--($BR$3:$BR$202=""))+SUMPRODUCT(--($BU$3:$BU$202=$A40),--($BX$3:$BX$202=""))+SUMPRODUCT(--($CA$3:$CA$202=$A40),--($CD$3:$CD$202=""))+SUMPRODUCT(--($CG$3:$CG$202=$A40),--($CJ$3:$CJ$202=""))+SUMPRODUCT(--($CM$3:$CM$202=$A40),--($CP$3:$CP$202=""))) | Q40: =IF($H40="Tutor",(BQ40<>"")+(BW40<>"")+(CC40<>"")+(CI40<>"")+(CO40<>""),SUMPRODUCT(--($BO$3:$BO$202=$A40))+SUMPRODUCT(--($BU$3:$BU$202=$A40))+SUMPRODUCT(--($CA$3:$CA$202=$A40))+SUMPRODUCT(--($CG$3:$CG$202=$A40))+SUMPRODUCT(--($CM$3:$CM$202=$A40))) | R40: =IF($H40="Tutor",TRIM(IF(AND(BQ40<>"",BR40=""),BP40&"; ","")&IF(AND(BW40<>"",BX40=""),BV40&"; ","")&IF(AND(CC40<>"",CD40=""),CB40&"; ","")&IF(AND(CI40<>"",CJ40=""),CH40&"; ","")&IF(AND(CO40<>"",CP40=""),CN40&"; ","")),IFERROR(INDEX($A$3:$B$202,(SUMPRODUCT(($BO$3:$BO$202=$A40)*($BR$3:$BR$202="")*ROW($BO$3:$BO$202))+SUMPRODUCT(($BU$3:$BU$202=$A40)*($BX$3:$BX$202="")*ROW($BU$3:$BU$202))+SUMPRODUCT(($CA$3:$CA$202=$A40)*($CD$3:$CD$202="")*ROW($CA$3:$CA$202))+SUMPRODUCT(($CG$3:$CG$202=$A40)*($CJ$3:$CJ$202="")*ROW($CG$3:$CG$202))+SUMPRODUCT(($CM$3:$CM$202=$A40)*($CP$3:$CP$202="")*ROW($CM$3:$CM$202)))-2,2),"")) | S40: Provided | V40: 45827 | W40: AEST (UTC+10) | X40: 6pm-9pm; | Y40: 6pm-9pm; | Z40: 3pm-6pm; | AA40: 12pm-3pm;6pm-9pm; | AB40: 9am-12pm;12pm-3pm;3pm-6pm; | AC40: 9am-12pm;12pm-3pm;3pm-6pm; | AD40: 12pm-3pm;6pm-9pm; | AE40: Online | AF40: NA - Tutor | AG40: Australia | AH40: New South Wales | AI40: Eastlakes | AJ40: 2018 | AK40: 36030 | AL40: Female | AM40: NA | AN40: NA - Tutor | AO40: Moderate | AP40: Russia | AQ40: NA | AR40: Pashto (C2) | AS40: Muslim | AT40: Science, Tech, Engineering and Math | AU40: Lawyer | AV40: NA - Tutor | AW40: Gardening; Cooking; Walking | AX40: NA - Tutor | AY40: NA - Partner Organisation Verified | AZ40: Yes | BA40: Sofia Brown | BB40: Colleague | BC40: zara.smith538@example.com | BD40: Pending | BG40: No | BH40: Adults Only | BI40: Bread & Butter Project | BJ40: KNIJNIK Marina | BK40: CROCK Mary | BL40: Synthetic test record. | BN40: =TRIM(IF(AND($H40="Student",$J40="ADM-ACT-MAT-CNE"),"Invalid: Student cannot be CNE. ","")&IF(AND($H40="Student",ISNUMBER($O40)),"Check: capacity set for a Student. ","")&IF(AND(LEFT($J40,11)="ADM-ACT-MAT",$P40=0),"Check: matched status but 0 active pairings. ","")&IF(AND($H40="Tutor",ISNUMBER($O40),$P40>$O40),"Check: pairings exceed capacity. ","")&IF(AND($BH40="Everyone",NOT(AND($BD40="Yes",$BG40="Yes"))),"Check: approved to tutor children but WWCC not provided/confirmed. ","")&IF(AND($P40>0,NOT(AND(OR(LEFT($AY40,3)="Yes",LEFT($AY40,2)="NA"),OR(LEFT($AZ40,3)="Yes",LEFT($AZ40,2)="NA")))),"Matched but vetting incomplete (interview/reference). ","")&IF(COUNTIF($B$3:$B$600,$B40)>1,"Duplicate participant name. ","")) | CS40: =IF(LEFT($J40,3)="ERR",0,1) | CT40: =IF(LEFT($J40,3)="ADM",1,0) | CU40: =IF(OR($J40="ADM-ACT-MAT-CNE",$J40="ADM-ACT-MAT-CE",$J40="ADM-INACT-M&T"),1,0) | CV40: =IF(AND(CU40=1,ISNUMBER(M40),ISNUMBER(I40)),M40-I40,"") | CW40: =IF(ISNUMBER(I40),TODAY()-I40,"") | CX40: =IF(ISNUMBER(I40),DATE(YEAR(I40),MONTH(I40),1),"") | CY40: =IFERROR(DATEDIF(AK40,TODAY(),"y"),"") | CZ40: =IF(CY40="","",IF(CY40<28,"18-27",IF(CY40<38,"28-37",IF(CY40<48,"38-47",IF(CY40<58,"48-57",IF(CY40<68,"58-67",IF(CY40<78,"68-77","78+")))))) | DA40: =IF(AND(BQ40<>"",BR40=""),N(BS40),0)+IF(AND(BW40<>"",BX40=""),N(BY40),0)+IF(AND(CC40<>"",CD40=""),N(CE40),0)+IF(AND(CI40<>"",CJ40=""),N(CK40),0)+IF(AND(CO40<>"",CP40=""),N(CQ40),0) | DB40: =ROUND(IF(BQ40<>"",N(BS40)*MAX(0,((IF(BR40="",TODAY(),BR40))-BQ40)/7),0)+IF(BW40<>"",N(BY40)*MAX(0,((IF(BX40="",TODAY(),BX40))-BW40)/7),0)+IF(CC40<>"",N(CE40)*MAX(0,((IF(CD40="",TODAY(),CD40))-CC40)/7),0)+IF(CI40<>"",N(CK40)*MAX(0,((IF(CJ40="",TODAY(),CJ40))-CI40)/7),0)+IF(CO40<>"",N(CQ40)*MAX(0,((IF(CP40="",TODAY(),CP40))-CO40)/7),0),1) | DC40: =IF(OR(TRIM(X40)="",TRIM(X40)="NA;",TRIM(X40)="NA"),0,1) | DD40: =IF(OR(TRIM(Y40)="",TRIM(Y40)="NA;",TRIM(Y40)="NA"),0,1) | DE40: =IF(OR(TRIM(Z40)="",TRIM(Z40)="NA;",TRIM(Z40)="NA"),0,1) | DF40: =IF(OR(TRIM(AA40)="",TRIM(AA40)="NA;",TRIM(AA40)="NA"),0,1) | DG40: =IF(OR(TRIM(AB40)="",TRIM(AB40)="NA;",TRIM(AB40)="NA"),0,1) | DH40: =IF(OR(TRIM(AC40)="",TRIM(AC40)="NA;",TRIM(AC40)="NA"),0,1) | DI40: =IF(OR(TRIM(AD40)="",TRIM(AD40)="NA;",TRIM(AD40)="NA"),0,1) | DJ40: =TRIM(IF(DC40=1,"Mon ","")&IF(DD40=1,"Tue ","")&IF(DE40=1,"Wed ","")&IF(DF40=1,"Thu ","")&IF(DG40=1,"Fri ","")&IF(DH40=1,"Sat ","")&IF(DI40=1,"Sun ",""))
A41: T-O-00039 | B41: Sara Drobushar | C41: sara.drobushar39@example.com | D41: +61 406 405 514 | E41: Chloe Green | F41: +61 467 433 113 | G41: Sibling | H41: Tutor | I41: 45534 | J41: ADM-INACT-NOM&T | K41: =IFERROR(VLOOKUP(J41,'(A) Introduction'!$B$35:$C$45,2,FALSE),"") | L41: No | O41: 2 | P41: =IF($H41="Tutor",((BQ41<>"")*(BR41=""))+((BW41<>"")*(BX41=""))+((CC41<>"")*(CD41=""))+((CI41<>"")*(CJ41=""))+((CO41<>"")*(CP41="")),SUMPRODUCT(--($BO$3:$BO$202=$A41),--($BR$3:$BR$202=""))+SUMPRODUCT(--($BU$3:$BU$202=$A41),--($BX$3:$BX$202=""))+SUMPRODUCT(--($CA$3:$CA$202=$A41),--($CD$3:$CD$202=""))+SUMPRODUCT(--($CG$3:$CG$202=$A41),--($CJ$3:$CJ$202=""))+SUMPRODUCT(--($CM$3:$CM$202=$A41),--($CP$3:$CP$202=""))) | Q41: =IF($H41="Tutor",(BQ41<>"")+(BW41<>"")+(CC41<>"")+(CI41<>"")+(CO41<>""),SUMPRODUCT(--($BO$3:$BO$202=$A41))+SUMPRODUCT(--($BU$3:$BU$202=$A41))+SUMPRODUCT(--($CA$3:$CA$202=$A41))+SUMPRODUCT(--($CG$3:$CG$202=$A41))+SUMPRODUCT(--($CM$3:$CM$202=$A41))) | R41: =IF($H41="Tutor",TRIM(IF(AND(BQ41<>"",BR41=""),BP41&"; ","")&IF(AND(BW41<>"",BX41=""),BV41&"; ","")&IF(AND(CC41<>"",CD41=""),CB41&"; ","")&IF(AND(CI41<>"",CJ41=""),CH41&"; ","")&IF(AND(CO41<>"",CP41=""),CN41&"; ","")),IFERROR(INDEX($A$3:$B$202,(SUMPRODUCT(($BO$3:$BO$202=$A41)*($BR$3:$BR$202="")*ROW($BO$3:$BO$202))+SUMPRODUCT(($BU$3:$BU$202=$A41)*($BX$3:$BX$202="")*ROW($BU$3:$BU$202))+SUMPRODUCT(($CA$3:$CA$202=$A41)*($CD$3:$CD$202="")*ROW($CA$3:$CA$202))+SUMPRODUCT(($CG$3:$CG$202=$A41)*($CJ$3:$CJ$202="")*ROW($CG$3:$CG$202))+SUMPRODUCT(($CM$3:$CM$202=$A41)*($CP$3:$CP$202="")*ROW($CM$3:$CM$202)))-2,2),"")) | S41: Provided | V41: 45448 | W41: AEDT (UTC+11) | X41: 6pm-9pm; | Y41: 6am-9am;9am-12pm; | Z41: 12pm-3pm; | AA41: NA; | AB41: 6am-9am;9am-12pm; | AC41: 6pm-9pm; | AD41: 6am-9am;9am-12pm; | AE41: Online | AF41: NA - Tutor | AG41: Australia | AH41: New South Wales | AI41: Bankstown | AJ41: 2200 | AK41: 24901 | AL41: Female | AM41: NA | AN41: NA - Tutor | AO41: High | AP41: China | AQ41: NA | AR41: English (C2) | AS41: Christian (Catholic) | AT41: Other / Unspecified | AU41: Lawyer | AV41: NA - Tutor | AW41: Art; Photography; Travel | AX41: NA - Tutor | AY41: No | AZ41: Yes | BA41: Omar Bourne | BB41: Colleague | BC41: dmytro.schaffer539@example.com | BD41: Yes | BE41: WWC1272943E | BF41: 46970 | BG41: Yes | BH41: Everyone | BI41: Jesuit Refugee Service | BJ41: HALLORAN Isobel | BK41: SHANAHAN Jack | BL41: Synthetic test record. | BN41: =TRIM(IF(AND($H41="Student",$J41="ADM-ACT-MAT-CNE"),"Invalid: Student cannot be CNE. ","")&IF(AND($H41="Student",ISNUMBER($O41)),"Check: capacity set for a Student. ","")&IF(AND(LEFT($J41,11)="ADM-ACT-MAT",$P41=0),"Check: matched status but 0 active pairings. ","")&IF(AND($H41="Tutor",ISNUMBER($O41),$P41>$O41),"Check: pairings exceed capacity. ","")&IF(AND($BH41="Everyone",NOT(AND($BD41="Yes",$BG41="Yes"))),"Check: approved to tutor children but WWCC not provided/confirmed. ","")&IF(AND($P41>0,NOT(AND(OR(LEFT($AY41,3)="Yes",LEFT($AY41,2)="NA"),OR(LEFT($AZ41,3)="Yes",LEFT($AZ41,2)="NA")))),"Matched but vetting incomplete (interview/reference). ","")&IF(COUNTIF($B$3:$B$600,$B41)>1,"Duplicate participant name. ","")) | CS41: =IF(LEFT($J41,3)="ERR",0,1) | CT41: =IF(LEFT($J41,3)="ADM",1,0) | CU41: =IF(OR($J41="ADM-ACT-MAT-CNE",$J41="ADM-ACT-MAT-CE",$J41="ADM-INACT-M&T"),1,0) | CV41: =IF(AND(CU41=1,ISNUMBER(M41),ISNUMBER(I41)),M41-I41,"") | CW41: =IF(ISNUMBER(I41),TODAY()-I41,"") | CX41: =IF(ISNUMBER(I41),DATE(YEAR(I41),MONTH(I41),1),"") | CY41: =IFERROR(DATEDIF(AK41,TODAY(),"y"),"") | CZ41: =IF(CY41="","",IF(CY41<28,"18-27",IF(CY41<38,"28-37",IF(CY41<48,"38-47",IF(CY41<58,"48-57",IF(CY41<68,"58-67",IF(CY41<78,"68-77","78+")))))) | DA41: =IF(AND(BQ41<>"",BR41=""),N(BS41),0)+IF(AND(BW41<>"",BX41=""),N(BY41),0)+IF(AND(CC41<>"",CD41=""),N(CE41),0)+IF(AND(CI41<>"",CJ41=""),N(CK41),0)+IF(AND(CO41<>"",CP41=""),N(CQ41),0) | DB41: =ROUND(IF(BQ41<>"",N(BS41)*MAX(0,((IF(BR41="",TODAY(),BR41))-BQ41)/7),0)+IF(BW41<>"",N(BY41)*MAX(0,((IF(BX41="",TODAY(),BX41))-BW41)/7),0)+IF(CC41<>"",N(CE41)*MAX(0,((IF(CD41="",TODAY(),CD41))-CC41)/7),0)+IF(CI41<>"",N(CK41)*MAX(0,((IF(CJ41="",TODAY(),CJ41))-CI41)/7),0)+IF(CO41<>"",N(CQ41)*MAX(0,((IF(CP41="",TODAY(),CP41))-CO41)/7),0),1) | DC41: =IF(OR(TRIM(X41)="",TRIM(X41)="NA;",TRIM(X41)="NA"),0,1) | DD41: =IF(OR(TRIM(Y41)="",TRIM(Y41)="NA;",TRIM(Y41)="NA"),0,1) | DE41: =IF(OR(TRIM(Z41)="",TRIM(Z41)="NA;",TRIM(Z41)="NA"),0,1) | DF41: =IF(OR(TRIM(AA41)="",TRIM(AA41)="NA;",TRIM(AA41)="NA"),0,1) | DG41: =IF(OR(TRIM(AB41)="",TRIM(AB41)="NA;",TRIM(AB41)="NA"),0,1) | DH41: =IF(OR(TRIM(AC41)="",TRIM(AC41)="NA;",TRIM(AC41)="NA"),0,1) | DI41: =IF(OR(TRIM(AD41)="",TRIM(AD41)="NA;",TRIM(AD41)="NA"),0,1) | DJ41: =TRIM(IF(DC41=1,"Mon ","")&IF(DD41=1,"Tue ","")&IF(DE41=1,"Wed ","")&IF(DF41=1,"Thu ","")&IF(DG41=1,"Fri ","")&IF(DH41=1,"Sat ","")&IF(DI41=1,"Sun ",""))
